ID,Timestamp,Flow,Pressure,Salt,TDS,Power,Regeneration,State,Health
2886,2026-07-06 19:18:00,21.87,3.98,91.9,415,True,False,REGENERATION_REQUIRED,80
2885,2026-07-06 19:17:58,22.91,2.5,92.0,408,True,False,REGENERATION_REQUIRED,80
2884,2026-07-06 19:17:56,22.92,2.96,92.0,341,True,False,MONITORING,100
2883,2026-07-06 19:17:54,20.18,2.23,92.1,172,True,False,MONITORING,100
2882,2026-07-06 19:17:52,23.21,2.63,92.1,343,True,False,MONITORING,100
2881,2026-07-06 19:17:50,18.24,1.62,92.2,229,True,False,MONITORING,100
2880,2026-07-06 19:17:50,18.25,3.07,92.2,283,True,False,MONITORING,100
2879,2026-07-06 19:17:45,25.85,4.16,92.3,145,True,False,MONITORING,100
2878,2026-07-06 19:17:09,26.69,3.25,92.3,333,True,False,MONITORING,100
2877,2026-07-06 19:17:07,19.63,2.4,92.4,158,True,False,MONITORING,100
2876,2026-07-06 19:17:05,24.39,3.61,92.4,125,True,False,MONITORING,100
2875,2026-07-06 19:17:03,20.38,3.69,92.5,298,True,False,MONITORING,100
2874,2026-07-06 19:17:01,28.86,4.39,92.5,304,True,False,MONITORING,100
2873,2026-07-06 19:16:59,21.18,2.89,92.6,428,True,False,REGENERATION_REQUIRED,80
2872,2026-07-06 19:16:57,17.87,1.87,92.6,434,True,False,REGENERATION_REQUIRED,80
2871,2026-07-06 19:16:55,26.74,3.15,92.7,295,True,False,MONITORING,100
2870,2026-07-06 19:16:53,15.03,4.38,92.7,334,True,False,MONITORING,100
2869,2026-07-06 19:16:51,27.69,3.05,92.8,196,True,False,MONITORING,100
2868,2026-07-06 19:16:49,15.27,1.97,92.8,267,True,False,MONITORING,100
2867,2026-07-06 19:16:47,21.39,1.67,92.9,259,True,False,MONITORING,100
2866,2026-07-06 19:16:45,28.72,2.5,92.9,236,True,False,MONITORING,100
2865,2026-07-06 19:16:43,15.29,3.37,93.0,346,True,False,MONITORING,100
2864,2026-07-06 19:16:41,26.68,3.42,93.0,392,True,False,MONITORING,100
2863,2026-07-06 19:16:39,27.6,4.41,93.1,300,True,False,MONITORING,100
2862,2026-07-06 19:16:37,27.75,3.85,93.1,138,True,False,MONITORING,100
2861,2026-07-06 19:16:35,24.19,1.58,93.2,214,True,False,MONITORING,100
2860,2026-07-06 19:16:33,24.24,2.35,93.2,175,True,False,MONITORING,100
2859,2026-07-06 19:16:31,25.28,1.74,93.3,313,True,False,MONITORING,100
2858,2026-07-06 19:16:29,24.51,2.29,93.3,331,True,False,MONITORING,100
2857,2026-07-06 19:16:27,25.69,3.81,93.4,180,True,False,MONITORING,100
2856,2026-07-06 19:16:25,28.57,3.91,93.4,258,True,False,MONITORING,100
2855,2026-07-06 19:16:23,15.28,2.36,93.5,270,True,False,MONITORING,100
2854,2026-07-06 19:16:21,21.12,3.72,93.5,172,True,False,MONITORING,100
2853,2026-07-06 19:16:19,26.97,2.83,93.6,356,True,False,MONITORING,100
2852,2026-07-06 19:16:17,0.0,3.4,93.6,266,True,False,MONITORING,90
2851,2026-07-06 19:16:15,0.0,3.99,93.7,183,True,False,MONITORING,90
2850,2026-07-06 19:16:13,16.63,3.67,93.7,329,True,False,MONITORING,100
2849,2026-07-06 19:16:10,24.22,2.77,93.8,448,True,False,REGENERATION_REQUIRED,80
2848,2026-07-06 19:16:08,28.48,2.6,93.8,213,True,False,MONITORING,100
2847,2026-07-06 19:16:06,21.34,3.35,93.9,119,True,False,MONITORING,100
2846,2026-07-06 19:16:04,19.56,4.04,93.9,301,True,False,MONITORING,100
2845,2026-07-06 19:16:02,29.22,4.49,94.0,151,True,False,MONITORING,100
2844,2026-07-06 19:16:00,19.2,1.95,94.0,347,True,False,MONITORING,100
2843,2026-07-06 19:15:58,25.77,2.21,94.1,243,True,False,MONITORING,100
2842,2026-07-06 19:15:56,26.66,1.72,94.1,177,True,False,MONITORING,100
2841,2026-07-06 19:15:54,17.65,3.61,96.2,186,True,True,REGENERATION_RUNNING,100
2840,2026-07-06 19:15:53,19.86,2.13,96.7,405,True,True,REGENERATION_RUNNING,80
2839,2026-07-06 19:15:50,23.24,2.31,97.3,148,True,True,REGENERATION_RUNNING,100
2838,2026-07-06 19:15:48,29.31,3.94,97.8,271,True,True,REGENERATION_RUNNING,100
2837,2026-07-06 19:15:46,19.3,3.44,98.4,400,True,True,REGENERATION_RUNNING,100
2836,2026-07-06 19:15:45,27.73,4.13,98.9,386,True,True,REGENERATION_RUNNING,100
2835,2026-07-06 19:15:44,29.56,3.02,99.5,285,True,False,MONITORING,100
2834,2026-07-06 19:15:42,18.71,1.74,99.5,430,True,False,REGENERATION_REQUIRED,80
2833,2026-07-06 19:15:40,23.25,1.95,99.6,152,True,False,MONITORING,100
2832,2026-07-06 19:15:38,21.92,2.66,99.6,118,True,False,MONITORING,100
2831,2026-07-06 19:15:37,22.96,4.11,99.7,179,True,False,MONITORING,100
2830,2026-07-06 19:15:36,16.43,4.46,99.7,189,True,False,MONITORING,100
2829,2026-07-06 19:15:34,25.67,1.57,99.8,269,True,False,MONITORING,100
2828,2026-07-06 19:15:32,28.22,2.66,99.8,321,True,False,MONITORING,100
2827,2026-07-06 19:15:30,27.7,1.96,99.9,310,True,False,MONITORING,100
2826,2026-07-06 19:15:28,20.45,2.52,99.9,124,True,False,MONITORING,100
2825,2026-07-06 19:15:28,17.63,1.66,100.0,265,True,False,MONITORING,100
2824,2026-07-06 19:15:26,19.39,2.66,99.1,383,True,False,MONITORING,100
2823,2026-07-06 19:15:25,22.44,2.58,99.1,425,True,False,REGENERATION_REQUIRED,80
2822,2026-07-06 19:15:24,0.0,0.0,99.2,331,False,False,IDLE,70
2821,2026-07-06 19:15:22,0.0,0.0,99.2,331,False,False,IDLE,70
2820,2026-07-06 19:15:21,0.0,0.0,99.2,331,False,False,IDLE,70
2819,2026-07-06 19:15:20,27.73,4.05,99.2,331,True,False,MONITORING,100
2818,2026-07-06 19:15:18,29.18,4.29,99.2,287,True,False,MONITORING,100
2817,2026-07-06 19:15:16,19.49,4.46,99.3,438,True,False,REGENERATION_REQUIRED,80
2816,2026-07-06 19:15:14,16.18,3.6,99.3,417,True,False,REGENERATION_REQUIRED,80
2815,2026-07-06 19:15:12,29.86,3.67,99.4,433,True,False,REGENERATION_REQUIRED,80
2814,2026-07-06 19:15:10,21.49,3.44,99.4,173,True,False,MONITORING,100
2813,2026-07-06 19:15:08,28.59,2.29,99.5,340,True,False,MONITORING,100
2812,2026-07-06 19:15:06,22.55,1.77,99.5,384,True,False,MONITORING,100
2811,2026-07-06 19:15:04,25.04,3.41,99.6,263,True,False,MONITORING,100
2810,2026-07-06 19:15:02,19.77,3.73,99.6,299,True,False,MONITORING,100
2809,2026-07-06 19:15:00,27.39,4.29,99.7,240,True,False,MONITORING,100
2808,2026-07-06 19:14:58,16.72,3.75,99.7,221,True,False,MONITORING,100
2807,2026-07-06 19:14:56,17.71,3.98,99.8,435,True,False,REGENERATION_REQUIRED,80
2806,2026-07-06 19:14:54,25.98,4.19,99.8,211,True,False,MONITORING,100
2805,2026-07-06 19:14:52,22.63,4.2,99.9,193,True,False,MONITORING,100
2804,2026-07-06 19:14:51,17.03,2.92,99.9,410,True,False,REGENERATION_REQUIRED,80
2803,2026-07-06 19:14:49,19.9,4.06,100.0,334,True,False,MONITORING,100
2802,2026-07-06 19:12:45,23.23,3.43,87.7,140,True,False,MONITORING,100
2801,2026-07-06 19:11:45,26.32,1.57,87.7,313,True,False,MONITORING,100
2800,2026-07-06 19:10:45,29.32,2.91,87.8,208,True,False,MONITORING,100
2799,2026-07-06 19:09:45,15.38,2.4,87.8,218,True,False,MONITORING,100
2798,2026-07-06 19:08:45,19.91,2.07,87.9,129,True,False,MONITORING,100
2797,2026-07-06 19:07:45,16.62,3.7,87.9,397,True,False,MONITORING,100
2796,2026-07-06 19:06:45,15.99,3.02,88.0,201,True,False,MONITORING,100
2795,2026-07-06 19:05:45,23.35,2.63,88.0,224,True,False,MONITORING,100
2794,2026-07-06 19:04:45,29.73,2.01,88.1,295,True,False,MONITORING,100
2793,2026-07-06 19:03:45,21.8,3.6,88.1,341,True,False,MONITORING,100
2792,2026-07-06 19:02:45,29.33,4.42,88.2,145,True,False,MONITORING,100
2791,2026-07-06 19:01:45,27.64,3.49,88.2,394,True,False,MONITORING,100
2790,2026-07-06 19:00:45,19.8,4.35,88.3,374,True,False,MONITORING,100
2789,2026-07-06 18:59:45,20.11,4.36,88.3,107,True,False,MONITORING,100
2788,2026-07-06 18:58:45,18.83,4.1,88.4,244,True,False,MONITORING,100
2787,2026-07-06 18:57:45,19.26,2.93,88.4,135,True,False,MONITORING,100
2786,2026-07-06 18:56:45,27.92,2.76,88.5,279,True,False,MONITORING,100
2785,2026-07-06 18:55:45,17.82,2.36,88.5,401,True,False,REGENERATION_REQUIRED,80
2784,2026-07-06 18:55:41,0.0,2.66,88.6,177,True,False,MONITORING,90
2783,2026-07-06 18:55:39,25.18,1.87,88.6,299,True,False,MONITORING,100
2782,2026-07-06 18:55:37,17.35,3.65,88.7,286,True,False,MONITORING,100
2781,2026-07-06 18:55:35,27.09,3.59,88.7,434,True,False,REGENERATION_REQUIRED,80
2780,2026-07-06 18:55:33,19.8,2.42,88.8,232,True,False,MONITORING,100
2779,2026-07-06 18:55:31,23.17,3.76,88.8,165,True,False,MONITORING,100
2778,2026-07-06 18:55:29,22.26,3.05,88.9,290,True,False,MONITORING,100
2777,2026-07-06 18:55:27,25.1,1.87,88.9,144,True,False,MONITORING,100
2776,2026-07-06 18:55:25,28.61,2.36,89.0,435,True,False,REGENERATION_REQUIRED,80
2775,2026-07-06 18:55:23,25.51,1.87,89.0,348,True,False,MONITORING,100
2774,2026-07-06 18:55:21,22.38,2.28,89.1,300,True,False,MONITORING,100
2773,2026-07-06 18:55:19,22.78,4.32,89.1,189,True,False,MONITORING,100
2772,2026-07-06 18:55:17,22.97,3.21,89.2,127,True,False,MONITORING,100
2771,2026-07-06 18:55:15,21.89,4.02,89.2,364,True,False,MONITORING,100
2770,2026-07-06 18:55:13,20.27,2.89,89.3,392,True,False,MONITORING,100
2769,2026-07-06 18:55:11,21.8,3.18,89.3,350,True,False,MONITORING,100
2768,2026-07-06 18:55:09,24.41,2.09,89.4,188,True,False,MONITORING,100
2767,2026-07-06 18:55:07,28.21,4.25,89.4,104,True,False,MONITORING,100
2766,2026-07-06 18:55:05,17.31,4.09,89.5,366,True,False,MONITORING,100
2765,2026-07-06 18:55:03,24.53,2.22,89.5,142,True,False,MONITORING,100
2764,2026-07-06 18:55:01,22.52,3.97,89.6,325,True,False,MONITORING,100
2763,2026-07-06 18:54:59,18.0,4.26,89.6,325,True,False,MONITORING,100
2762,2026-07-06 18:54:57,18.89,2.07,89.7,128,True,False,MONITORING,100
2761,2026-07-06 18:54:55,27.14,3.09,89.7,156,True,False,MONITORING,100
2760,2026-07-06 18:54:53,28.37,3.68,89.8,312,True,False,MONITORING,100
2759,2026-07-06 18:54:51,22.15,1.87,89.8,409,True,False,REGENERATION_REQUIRED,80
2758,2026-07-06 18:54:49,22.86,2.24,89.9,214,True,False,MONITORING,100
2757,2026-07-06 18:54:47,23.49,4.38,89.9,449,True,False,REGENERATION_REQUIRED,80
2756,2026-07-06 18:54:45,29.52,3.68,90.0,444,True,False,REGENERATION_REQUIRED,80
2755,2026-07-06 18:54:43,23.55,4.27,90.0,191,True,False,MONITORING,100
2754,2026-07-06 18:54:41,20.87,1.52,90.1,367,True,False,MONITORING,100
2753,2026-07-06 18:54:39,29.24,4.32,90.1,322,True,False,MONITORING,100
2752,2026-07-06 18:54:37,19.48,2.32,90.2,173,True,False,MONITORING,100
2751,2026-07-06 18:54:35,26.35,2.75,90.2,414,True,False,REGENERATION_REQUIRED,80
2750,2026-07-06 18:54:33,20.32,4.5,90.3,446,True,False,REGENERATION_REQUIRED,80
2749,2026-07-06 18:54:31,21.41,4.32,90.3,362,True,False,MONITORING,100
2748,2026-07-06 18:54:29,16.21,3.53,90.4,333,True,False,MONITORING,100
2747,2026-07-06 18:54:27,28.47,3.05,90.4,274,True,False,MONITORING,100
2746,2026-07-06 18:54:25,28.06,1.95,90.5,203,True,False,MONITORING,100
2745,2026-07-06 18:54:23,28.28,2.63,90.5,368,True,False,MONITORING,100
2744,2026-07-06 18:54:21,24.06,2.33,90.6,117,True,False,MONITORING,100
2743,2026-07-06 18:54:19,18.69,2.4,90.6,384,True,False,MONITORING,100
2742,2026-07-06 18:54:17,18.39,4.04,90.7,273,True,False,MONITORING,100
2741,2026-07-06 18:54:15,0.0,2.45,90.7,326,True,False,MONITORING,90
2740,2026-07-06 18:54:13,27.07,3.95,90.8,404,True,False,REGENERATION_REQUIRED,80
2739,2026-07-06 18:54:11,26.83,4.44,90.8,385,True,False,MONITORING,100
2738,2026-07-06 18:54:09,20.4,4.33,90.9,196,True,False,MONITORING,100
2737,2026-07-06 18:54:07,29.31,4.32,90.9,150,True,False,MONITORING,100
2736,2026-07-06 18:54:05,21.04,3.61,91.0,362,True,False,MONITORING,100
2735,2026-07-06 18:54:03,18.37,3.21,91.0,252,True,False,MONITORING,100
2734,2026-07-06 18:54:01,16.45,4.12,91.1,430,True,False,REGENERATION_REQUIRED,80
2733,2026-07-06 18:53:59,25.47,3.53,91.1,305,True,False,MONITORING,100
2732,2026-07-06 18:53:57,23.14,3.37,91.2,392,True,False,MONITORING,100
2731,2026-07-06 18:53:55,18.11,3.77,91.2,314,True,False,MONITORING,100
2730,2026-07-06 18:53:53,19.79,3.74,91.3,378,True,False,MONITORING,100
2729,2026-07-06 18:53:51,0.0,3.69,91.3,280,True,False,MONITORING,90
2728,2026-07-06 18:53:49,15.15,1.79,91.4,386,True,False,MONITORING,100
2727,2026-07-06 18:53:47,20.78,3.09,91.4,226,True,False,MONITORING,100
2726,2026-07-06 18:53:45,18.48,1.78,91.5,420,True,False,REGENERATION_REQUIRED,80
2725,2026-07-06 18:53:43,28.41,2.43,91.5,260,True,False,MONITORING,100
2724,2026-07-06 18:53:41,17.22,4.27,91.6,211,True,False,MONITORING,100
2723,2026-07-06 18:53:39,20.77,4.3,91.6,420,True,False,REGENERATION_REQUIRED,80
2722,2026-07-06 18:53:37,19.86,4.27,91.7,138,True,False,MONITORING,100
2721,2026-07-06 18:53:35,29.2,2.73,91.7,191,True,False,MONITORING,100
2720,2026-07-06 18:53:33,18.09,3.7,91.8,139,True,False,MONITORING,100
2719,2026-07-06 18:53:31,18.8,2.86,91.8,212,True,False,MONITORING,100
2718,2026-07-06 18:53:29,17.35,3.4,91.9,134,True,False,MONITORING,100
2717,2026-07-06 18:53:27,27.6,4.09,91.9,322,True,False,MONITORING,100
2716,2026-07-06 18:53:25,15.28,2.99,92.0,448,True,False,REGENERATION_REQUIRED,80
2715,2026-07-06 18:53:23,29.49,2.68,92.0,138,True,False,MONITORING,100
2714,2026-07-06 18:53:21,23.16,4.11,92.1,182,True,False,MONITORING,100
2713,2026-07-06 18:53:19,24.75,3.77,92.1,229,True,False,MONITORING,100
2712,2026-07-06 18:53:17,25.21,2.82,92.2,403,True,False,REGENERATION_REQUIRED,80
2711,2026-07-06 18:53:15,29.09,4.35,92.2,288,True,False,MONITORING,100
2710,2026-07-06 18:53:13,22.45,3.77,92.3,323,True,False,MONITORING,100
2709,2026-07-06 18:53:11,25.78,3.11,92.3,283,True,False,MONITORING,100
2708,2026-07-06 18:53:09,29.01,2.48,92.4,217,True,False,MONITORING,100
2707,2026-07-06 18:53:07,18.85,3.25,92.4,279,True,False,MONITORING,100
2706,2026-07-06 18:53:05,29.69,2.62,92.5,256,True,False,MONITORING,100
2705,2026-07-06 18:53:03,28.76,3.8,92.5,192,True,False,MONITORING,100
2704,2026-07-06 18:53:01,23.82,4.26,92.6,444,True,False,REGENERATION_REQUIRED,80
2703,2026-07-06 18:52:59,17.41,2.56,92.6,442,True,False,REGENERATION_REQUIRED,80
2702,2026-07-06 18:52:57,23.58,4.16,92.7,255,True,False,MONITORING,100
2701,2026-07-06 18:52:55,24.74,3.56,92.7,408,True,False,REGENERATION_REQUIRED,80
2700,2026-07-06 18:52:53,20.74,1.87,92.8,210,True,False,MONITORING,100
2699,2026-07-06 18:52:51,15.76,3.26,92.8,326,True,False,MONITORING,100
2698,2026-07-06 18:52:49,18.56,1.61,92.9,402,True,False,REGENERATION_REQUIRED,80
2697,2026-07-06 18:52:47,20.86,2.61,92.9,416,True,False,REGENERATION_REQUIRED,80
2696,2026-07-06 18:52:45,29.32,1.59,93.0,366,True,False,MONITORING,100
2695,2026-07-06 18:52:43,25.71,4.2,93.0,294,True,False,MONITORING,100
2694,2026-07-06 18:52:41,19.22,2.3,93.1,437,True,False,REGENERATION_REQUIRED,80
2693,2026-07-06 18:52:39,23.43,4.37,93.1,202,True,False,MONITORING,100
2692,2026-07-06 18:52:37,29.83,1.95,93.2,432,True,False,REGENERATION_REQUIRED,80
2691,2026-07-06 18:52:35,19.28,2.52,93.2,200,True,False,MONITORING,100
2690,2026-07-06 18:52:33,25.1,3.59,93.3,330,True,False,MONITORING,100
2689,2026-07-06 18:52:31,27.74,3.99,93.3,432,True,False,REGENERATION_REQUIRED,80
2688,2026-07-06 18:52:29,17.62,3.54,93.4,156,True,False,MONITORING,100
2687,2026-07-06 18:52:27,20.18,4.02,93.4,418,True,False,REGENERATION_REQUIRED,80
2686,2026-07-06 18:52:25,18.68,2.69,93.5,264,True,False,MONITORING,100
2685,2026-07-06 18:52:23,29.85,4.04,93.5,212,True,False,MONITORING,100
2684,2026-07-06 18:52:21,26.89,1.99,93.6,328,True,False,MONITORING,100
2683,2026-07-06 18:52:19,15.98,3.75,93.6,186,True,False,MONITORING,100
2682,2026-07-06 18:52:17,17.36,1.94,93.7,154,True,False,MONITORING,100
2681,2026-07-06 18:52:15,28.32,4.47,93.7,141,True,False,MONITORING,100
2680,2026-07-06 18:52:13,25.99,3.74,93.8,119,True,False,MONITORING,100
2679,2026-07-06 18:52:11,29.48,2.47,93.8,281,True,False,MONITORING,100
2678,2026-07-06 18:52:09,15.56,4.17,93.9,430,True,False,REGENERATION_REQUIRED,80
2677,2026-07-06 18:52:07,25.95,3.94,93.9,392,True,False,MONITORING,100
2676,2026-07-06 18:52:05,15.45,2.77,94.0,365,True,False,MONITORING,100
2675,2026-07-06 18:52:03,26.83,3.36,94.0,371,True,False,MONITORING,100
2674,2026-07-06 18:52:01,27.86,3.71,94.1,230,True,False,MONITORING,100
2673,2026-07-06 18:51:59,24.52,2.04,94.1,366,True,False,MONITORING,100
2672,2026-07-06 18:51:57,29.24,3.1,94.2,210,True,False,MONITORING,100
2671,2026-07-06 18:51:55,20.74,2.07,94.2,420,True,False,REGENERATION_REQUIRED,80
2670,2026-07-06 18:51:53,26.65,3.91,94.3,292,True,False,MONITORING,100
2669,2026-07-06 18:51:51,21.48,3.68,94.3,350,True,False,MONITORING,100
2668,2026-07-06 18:51:49,0.0,3.85,94.4,443,True,False,REGENERATION_REQUIRED,70
2667,2026-07-06 18:51:47,17.88,4.17,94.4,319,True,False,MONITORING,100
2666,2026-07-06 18:51:45,28.56,3.96,94.5,263,True,False,MONITORING,100
2665,2026-07-06 18:51:43,25.28,2.1,94.5,327,True,False,MONITORING,100
2664,2026-07-06 18:51:41,29.39,2.04,94.6,310,True,False,MONITORING,100
2663,2026-07-06 18:51:39,16.45,3.27,94.6,215,True,False,MONITORING,100
2662,2026-07-06 18:51:37,18.29,4.44,94.7,179,True,False,MONITORING,100
2661,2026-07-06 18:51:35,29.47,1.61,94.7,146,True,False,MONITORING,100
2660,2026-07-06 18:51:33,21.28,3.52,94.8,237,True,False,MONITORING,100
2659,2026-07-06 18:51:31,22.32,4.46,94.8,304,True,False,MONITORING,100
2658,2026-07-06 18:51:29,17.29,2.68,94.9,176,True,False,MONITORING,100
2657,2026-07-06 18:51:27,23.13,3.43,94.9,149,True,False,MONITORING,100
2656,2026-07-06 18:51:25,23.77,3.92,95.0,327,True,False,MONITORING,100
2655,2026-07-06 18:51:23,15.21,3.73,95.0,168,True,False,MONITORING,100
2654,2026-07-06 18:51:21,22.14,2.53,95.1,155,True,False,MONITORING,100
2653,2026-07-06 18:51:19,27.63,3.04,95.1,418,True,False,REGENERATION_REQUIRED,80
2652,2026-07-06 18:51:17,29.3,2.91,95.2,285,True,False,MONITORING,100
2651,2026-07-06 18:51:15,21.57,1.82,95.2,177,True,False,MONITORING,100
2650,2026-07-06 18:51:13,18.71,2.64,95.3,121,True,False,MONITORING,100
2649,2026-07-06 18:51:11,28.44,2.03,95.3,182,True,False,MONITORING,100
2648,2026-07-06 18:51:09,26.92,4.46,95.4,329,True,False,MONITORING,100
2647,2026-07-06 18:51:07,0.0,3.25,95.4,324,True,False,MONITORING,90
2646,2026-07-06 18:51:05,16.98,1.9,95.5,150,True,False,MONITORING,100
2645,2026-07-06 18:51:03,27.98,3.03,95.5,304,True,False,MONITORING,100
2644,2026-07-06 18:51:01,21.54,3.14,95.6,108,True,False,MONITORING,100
2643,2026-07-06 18:50:59,27.88,2.09,95.6,392,True,False,MONITORING,100
2642,2026-07-06 18:50:57,21.06,3.38,95.7,176,True,False,MONITORING,100
2641,2026-07-06 18:50:55,0.0,2.71,95.7,211,True,False,MONITORING,90
2640,2026-07-06 18:50:53,17.16,4.16,95.8,337,True,False,MONITORING,100
2639,2026-07-06 18:50:51,26.8,4.21,95.8,319,True,False,MONITORING,100
2638,2026-07-06 18:50:49,24.1,2.59,95.9,268,True,False,MONITORING,100
2637,2026-07-06 18:50:47,29.51,1.51,95.9,153,True,False,MONITORING,100
2636,2026-07-06 18:50:45,29.11,3.46,96.0,175,True,False,MONITORING,100
2635,2026-07-06 18:50:43,0.0,3.93,96.0,179,True,False,MONITORING,90
2634,2026-07-06 18:50:41,27.74,3.18,96.1,151,True,False,MONITORING,100
2633,2026-07-06 18:50:39,17.54,2.77,96.1,302,True,False,MONITORING,100
2632,2026-07-06 18:50:37,27.07,1.97,96.2,267,True,False,MONITORING,100
2631,2026-07-06 18:50:35,19.44,3.61,96.2,440,True,False,REGENERATION_REQUIRED,80
2630,2026-07-06 18:50:33,23.41,2.9,96.3,260,True,False,MONITORING,100
2629,2026-07-06 18:50:31,17.73,2.02,96.3,392,True,False,MONITORING,100
2628,2026-07-06 18:50:29,25.04,4.06,96.4,244,True,False,MONITORING,100
2627,2026-07-06 18:50:27,29.2,3.95,96.4,363,True,False,MONITORING,100
2626,2026-07-06 18:50:25,25.91,2.66,96.5,304,True,False,MONITORING,100
2625,2026-07-06 18:50:23,20.78,2.84,96.5,166,True,False,MONITORING,100
2624,2026-07-06 18:50:21,17.83,3.03,96.6,258,True,False,MONITORING,100
2623,2026-07-06 18:50:19,19.34,2.3,96.6,324,True,False,MONITORING,100
2622,2026-07-06 18:50:17,0.0,4.25,96.7,407,True,False,REGENERATION_REQUIRED,70
2621,2026-07-06 18:50:15,26.81,3.23,96.7,196,True,False,MONITORING,100
2620,2026-07-06 18:50:13,26.42,1.72,96.8,188,True,False,MONITORING,100
2619,2026-07-06 18:50:11,18.41,2.11,96.8,391,True,False,MONITORING,100
2618,2026-07-06 18:50:09,23.79,1.71,96.9,165,True,False,MONITORING,100
2617,2026-07-06 18:50:07,24.0,2.67,96.9,106,True,False,MONITORING,100
2616,2026-07-06 18:50:05,18.93,1.86,97.0,342,True,False,MONITORING,100
2615,2026-07-06 18:50:03,26.4,3.26,97.0,398,True,False,MONITORING,100
2614,2026-07-06 18:50:01,29.22,4.13,97.1,305,True,False,MONITORING,100
2613,2026-07-06 18:49:59,19.3,3.84,97.1,388,True,False,MONITORING,100
2612,2026-07-06 18:49:57,15.16,2.45,97.2,381,True,False,MONITORING,100
2611,2026-07-06 18:49:55,22.31,3.68,97.2,363,True,False,MONITORING,100
2610,2026-07-06 18:49:53,16.03,4.23,97.3,257,True,False,MONITORING,100
2609,2026-07-06 18:49:51,16.25,4.12,97.3,165,True,False,MONITORING,100
2608,2026-07-06 18:49:49,28.67,1.65,97.4,251,True,False,MONITORING,100
2607,2026-07-06 18:49:47,28.89,1.84,97.4,149,True,False,MONITORING,100
2606,2026-07-06 18:49:45,25.68,2.2,97.5,124,True,False,MONITORING,100
2605,2026-07-06 18:49:43,24.06,3.4,97.5,167,True,False,MONITORING,100
2604,2026-07-06 18:49:41,16.73,3.29,97.6,442,True,False,REGENERATION_REQUIRED,80
2603,2026-07-06 18:49:39,19.24,4.31,97.6,309,True,False,MONITORING,100
2602,2026-07-06 18:49:37,20.06,3.27,97.7,236,True,False,MONITORING,100
2601,2026-07-06 18:49:35,21.92,2.14,97.7,185,True,False,MONITORING,100
2600,2026-07-06 18:49:33,20.57,3.53,97.8,252,True,False,MONITORING,100
2599,2026-07-06 18:49:31,24.26,3.11,97.8,299,True,False,MONITORING,100
2598,2026-07-06 18:49:29,21.03,1.62,97.9,250,True,False,MONITORING,100
2597,2026-07-06 18:49:27,27.39,2.6,97.9,378,True,False,MONITORING,100
2596,2026-07-06 18:49:25,19.75,1.75,98.0,445,True,False,REGENERATION_REQUIRED,80
2595,2026-07-06 18:49:23,18.98,3.78,98.0,333,True,False,MONITORING,100
2594,2026-07-06 18:49:21,0.0,3.04,98.1,412,True,False,REGENERATION_REQUIRED,70
2593,2026-07-06 18:49:19,16.07,4.14,98.1,389,True,False,MONITORING,100
2592,2026-07-06 18:49:17,22.81,2.58,98.2,275,True,False,MONITORING,100
2591,2026-07-06 18:49:15,21.53,4.23,98.2,329,True,False,MONITORING,100
2590,2026-07-06 18:49:13,0.0,2.77,98.3,419,True,False,REGENERATION_REQUIRED,70
2589,2026-07-06 18:49:11,26.32,4.15,98.3,218,True,False,MONITORING,100
2588,2026-07-06 18:49:09,24.81,4.22,98.4,218,True,False,MONITORING,100
2587,2026-07-06 18:49:07,26.97,2.08,98.4,277,True,False,MONITORING,100
2586,2026-07-06 18:49:05,23.05,2.9,98.5,438,True,False,REGENERATION_REQUIRED,80
2585,2026-07-06 18:49:03,19.58,3.66,98.5,286,True,False,MONITORING,100
2584,2026-07-06 18:49:01,22.47,3.45,98.6,191,True,False,MONITORING,100
2583,2026-07-06 18:48:59,0.0,3.86,98.6,190,True,False,MONITORING,90
2582,2026-07-06 18:48:57,24.96,4.15,98.7,373,True,False,MONITORING,100
2581,2026-07-06 18:48:55,15.63,1.97,98.7,279,True,False,MONITORING,100
2580,2026-07-06 18:48:53,15.45,2.71,98.8,135,True,False,MONITORING,100
2579,2026-07-06 18:48:51,25.12,1.95,98.8,212,True,False,MONITORING,100
2578,2026-07-06 18:48:49,15.56,3.08,98.9,400,True,False,MONITORING,100
2577,2026-07-06 18:48:47,27.66,3.68,98.9,141,True,False,MONITORING,100
2576,2026-07-06 18:48:45,24.48,4.25,99.0,355,True,False,MONITORING,100
2575,2026-07-06 18:48:43,20.54,1.5,99.0,169,True,False,MONITORING,100
2574,2026-07-06 18:48:41,17.65,3.62,99.1,160,True,False,MONITORING,100
2573,2026-07-06 18:48:39,27.78,4.2,99.1,354,True,False,MONITORING,100
2572,2026-07-06 18:48:37,24.02,2.31,99.2,305,True,False,MONITORING,100
2571,2026-07-06 18:48:35,24.2,2.59,99.2,241,True,False,MONITORING,100
2570,2026-07-06 18:48:33,28.05,2.51,99.3,220,True,False,MONITORING,100
2569,2026-07-06 18:48:31,20.12,4.01,99.3,169,True,False,MONITORING,100
2568,2026-07-06 18:48:29,22.3,3.16,99.4,424,True,False,REGENERATION_REQUIRED,80
2567,2026-07-06 18:48:27,18.64,4.4,99.4,386,True,False,MONITORING,100
2566,2026-07-06 18:48:25,20.71,3.07,99.5,177,True,False,MONITORING,100
2565,2026-07-06 18:48:23,17.84,3.16,99.5,324,True,False,MONITORING,100
2564,2026-07-06 18:48:21,15.49,1.56,99.6,347,True,False,MONITORING,100
2563,2026-07-06 18:48:19,17.18,3.45,99.6,112,True,False,MONITORING,100
2562,2026-07-06 18:48:17,29.46,2.47,99.7,154,True,False,MONITORING,100
2561,2026-07-06 18:48:15,17.74,2.66,99.7,305,True,False,MONITORING,100
2560,2026-07-06 18:48:13,22.43,3.27,99.8,340,True,False,MONITORING,100
2559,2026-07-06 18:48:11,0.0,3.92,99.8,338,True,False,MONITORING,90
2558,2026-07-06 18:48:09,20.06,2.64,99.9,395,True,False,MONITORING,100
2557,2026-07-06 18:45:45,27.02,3.67,99.9,298,True,False,MONITORING,100
2556,2026-07-06 18:45:43,29.92,2.05,100.0,384,True,False,MONITORING,100
2555,2026-07-06 18:36:45,23.57,2.37,97.4,195,True,False,MONITORING,100
2554,2026-07-06 18:35:45,21.77,2.29,97.5,106,True,False,MONITORING,100
2553,2026-07-06 18:34:45,20.35,1.59,97.5,260,True,False,MONITORING,100
2552,2026-07-06 18:33:45,26.08,1.61,97.6,304,True,False,MONITORING,100
2551,2026-07-06 18:32:45,23.9,2.18,97.6,238,True,False,MONITORING,100
2550,2026-07-06 18:31:45,0.0,2.82,97.7,219,True,False,MONITORING,90
2549,2026-07-06 18:30:45,15.96,4.42,97.7,233,True,False,MONITORING,100
2548,2026-07-06 18:29:45,27.39,2.83,97.8,445,True,False,REGENERATION_REQUIRED,80
2547,2026-07-06 18:28:45,20.65,3.23,97.8,305,True,False,MONITORING,100
2546,2026-07-06 18:27:45,21.92,2.11,97.9,319,True,False,MONITORING,100
2545,2026-07-06 18:26:45,28.25,1.91,97.9,299,True,False,MONITORING,100
2544,2026-07-06 18:25:45,22.59,1.77,98.0,290,True,False,MONITORING,100
2543,2026-07-06 18:25:37,15.27,2.11,98.0,219,True,False,MONITORING,100
2542,2026-07-06 18:25:35,17.7,3.48,98.1,282,True,False,MONITORING,100
2541,2026-07-06 18:25:33,23.82,3.16,98.1,372,True,False,MONITORING,100
2540,2026-07-06 18:25:31,15.84,1.73,98.2,143,True,False,MONITORING,100
2539,2026-07-06 18:25:29,26.6,3.75,98.2,342,True,False,MONITORING,100
2538,2026-07-06 18:25:27,16.97,2.93,98.3,397,True,False,MONITORING,100
2537,2026-07-06 18:25:25,21.79,2.74,98.3,246,True,False,MONITORING,100
2536,2026-07-06 18:25:23,19.02,1.77,98.4,396,True,False,MONITORING,100
2535,2026-07-06 18:25:21,20.78,2.85,98.4,405,True,False,REGENERATION_REQUIRED,80
2534,2026-07-06 18:25:19,24.79,2.39,98.5,414,True,False,REGENERATION_REQUIRED,80
2533,2026-07-06 18:25:17,28.74,2.2,98.5,212,True,False,MONITORING,100
2532,2026-07-06 18:25:15,0.0,2.03,98.6,394,True,False,MONITORING,90
2531,2026-07-06 18:25:13,18.96,2.93,98.6,401,True,False,REGENERATION_REQUIRED,80
2530,2026-07-06 18:25:11,19.56,2.72,98.7,127,True,False,MONITORING,100
2529,2026-07-06 18:25:09,22.57,2.35,98.7,397,True,False,MONITORING,100
2528,2026-07-06 18:25:07,27.11,3.11,98.8,299,True,False,MONITORING,100
2527,2026-07-06 18:25:05,26.71,3.79,98.8,132,True,False,MONITORING,100
2526,2026-07-06 18:25:03,21.71,2.53,98.9,193,True,False,MONITORING,100
2525,2026-07-06 18:25:01,22.03,4.38,98.9,331,True,False,MONITORING,100
2524,2026-07-06 18:24:59,19.1,3.51,99.0,187,True,False,MONITORING,100
2523,2026-07-06 18:24:57,23.66,3.35,99.0,221,True,False,MONITORING,100
2522,2026-07-06 18:24:55,0.0,3.01,99.1,165,True,False,MONITORING,90
2521,2026-07-06 18:24:53,16.14,3.39,99.1,439,True,False,REGENERATION_REQUIRED,80
2520,2026-07-06 18:24:51,28.61,3.3,99.2,258,True,False,MONITORING,100
2519,2026-07-06 18:24:49,21.31,3.44,99.2,257,True,False,MONITORING,100
2518,2026-07-06 18:24:47,24.59,2.74,99.3,373,True,False,MONITORING,100
2517,2026-07-06 18:24:45,22.09,2.37,99.3,311,True,False,MONITORING,100
2516,2026-07-06 18:24:43,23.19,3.58,99.4,358,True,False,MONITORING,100
2515,2026-07-06 18:24:41,27.88,3.23,99.4,295,True,False,MONITORING,100
2514,2026-07-06 18:24:39,23.79,3.45,99.5,442,True,False,REGENERATION_REQUIRED,80
2513,2026-07-06 18:24:37,23.62,2.18,99.5,339,True,False,MONITORING,100
2512,2026-07-06 18:24:35,18.35,2.82,99.6,246,True,False,MONITORING,100
2511,2026-07-06 18:24:33,22.01,3.59,99.6,180,True,False,MONITORING,100
2510,2026-07-06 18:24:32,0.0,2.4,99.7,136,True,False,MONITORING,90
2509,2026-07-06 18:24:32,16.2,3.85,99.7,243,True,False,MONITORING,100
2508,2026-07-06 18:24:29,0.0,0.0,99.8,277,False,False,IDLE,70
2507,2026-07-06 18:24:28,0.0,0.0,99.8,277,False,False,IDLE,70
2506,2026-07-06 18:24:28,0.0,0.0,99.8,277,False,False,IDLE,70
2505,2026-07-06 18:24:25,22.91,3.56,99.8,277,True,False,MONITORING,100
2504,2026-07-06 18:24:23,0.0,4.02,99.8,240,True,False,MONITORING,90
2503,2026-07-06 18:24:21,18.04,2.23,99.9,322,True,False,MONITORING,100
2502,2026-07-06 18:24:20,15.71,1.99,99.9,254,True,False,MONITORING,100
2501,2026-07-06 18:24:20,0.0,4.47,100.0,304,True,False,MONITORING,90
2500,2026-07-06 18:24:17,16.23,2.78,93.6,131,True,False,MONITORING,100
2499,2026-07-06 18:24:15,29.41,3.9,93.7,309,True,False,MONITORING,100
2498,2026-07-06 18:24:13,28.44,2.15,95.7,115,True,True,REGENERATION_RUNNING,100
2497,2026-07-06 18:24:11,20.39,3.86,96.3,369,True,True,REGENERATION_RUNNING,100
2496,2026-07-06 18:24:09,25.82,2.53,96.8,421,True,True,REGENERATION_RUNNING,80
2495,2026-07-06 18:24:07,15.55,2.45,97.4,218,True,True,REGENERATION_RUNNING,100
2494,2026-07-06 18:24:05,26.9,4.24,97.9,367,True,True,REGENERATION_RUNNING,100
2493,2026-07-06 18:24:05,15.29,1.59,98.5,137,True,True,REGENERATION_RUNNING,100
2492,2026-07-06 18:24:03,21.73,2.53,99.0,178,True,False,MONITORING,100
2491,2026-07-06 18:24:01,28.64,3.26,99.1,296,True,False,MONITORING,100
2490,2026-07-06 18:23:59,29.4,4.45,99.1,224,True,False,MONITORING,100
2489,2026-07-06 18:23:57,19.91,2.44,99.2,428,True,False,REGENERATION_REQUIRED,80
2488,2026-07-06 18:23:55,19.79,2.42,99.2,236,True,False,MONITORING,100
2487,2026-07-06 18:23:53,24.2,3.01,99.3,304,True,False,MONITORING,100
2486,2026-07-06 18:23:51,27.08,1.59,99.3,436,True,False,REGENERATION_REQUIRED,80
2485,2026-07-06 18:23:49,28.2,3.39,99.4,272,True,False,MONITORING,100
2484,2026-07-06 18:23:47,27.31,1.59,99.4,138,True,False,MONITORING,100
2483,2026-07-06 18:23:45,29.11,3.67,99.5,269,True,False,MONITORING,100
2482,2026-07-06 18:23:43,21.78,2.28,99.5,328,True,False,MONITORING,100
2481,2026-07-06 18:23:41,22.56,2.63,99.6,290,True,False,MONITORING,100
2480,2026-07-06 18:23:39,19.35,3.56,99.6,186,True,False,MONITORING,100
2479,2026-07-06 18:23:37,0.0,3.93,99.7,401,True,False,REGENERATION_REQUIRED,70
2478,2026-07-06 18:23:35,0.0,2.98,99.7,266,True,False,MONITORING,90
2477,2026-07-06 18:23:33,23.27,3.0,99.8,182,True,False,MONITORING,100
2476,2026-07-06 18:23:32,20.8,2.24,99.8,247,True,False,MONITORING,100
2475,2026-07-06 18:23:30,18.12,2.57,99.9,374,True,False,MONITORING,100
2474,2026-07-06 18:23:28,22.82,2.78,99.9,235,True,False,MONITORING,100
2473,2026-07-06 18:23:27,22.61,3.1,100.0,100,True,False,MONITORING,100
2472,2026-07-06 18:22:45,19.54,3.43,95.9,402,True,False,REGENERATION_REQUIRED,80
2471,2026-07-06 18:21:45,19.69,4.11,96.0,153,True,False,MONITORING,100
2470,2026-07-06 18:20:45,28.29,1.82,96.0,376,True,False,MONITORING,100
2469,2026-07-06 18:19:45,17.8,2.17,96.1,428,True,False,REGENERATION_REQUIRED,80
2468,2026-07-06 18:18:45,29.54,1.97,96.1,230,True,False,MONITORING,100
2467,2026-07-06 18:17:43,23.44,2.03,96.2,375,True,False,MONITORING,100
2466,2026-07-06 18:16:43,16.47,4.35,96.2,248,True,False,MONITORING,100
2465,2026-07-06 18:15:43,20.2,1.78,96.3,303,True,False,MONITORING,100
2464,2026-07-06 18:14:43,15.83,2.05,96.3,366,True,False,MONITORING,100
2463,2026-07-06 18:13:43,23.17,3.51,96.4,365,True,False,MONITORING,100
2462,2026-07-06 18:12:43,20.55,3.79,96.4,128,True,False,MONITORING,100
2461,2026-07-06 18:11:43,27.61,3.35,96.5,271,True,False,MONITORING,100
2460,2026-07-06 18:11:22,27.87,2.39,96.5,199,True,False,MONITORING,100
2459,2026-07-06 18:11:20,25.99,3.08,96.6,133,True,False,MONITORING,100
2458,2026-07-06 18:11:18,28.58,2.85,96.6,275,True,False,MONITORING,100
2457,2026-07-06 18:11:16,26.83,3.26,96.7,268,True,False,MONITORING,100
2456,2026-07-06 18:11:14,21.37,2.72,96.7,304,True,False,MONITORING,100
2455,2026-07-06 18:11:12,29.48,1.8,96.8,280,True,False,MONITORING,100
2454,2026-07-06 18:11:10,0.0,4.28,96.8,426,True,False,REGENERATION_REQUIRED,70
2453,2026-07-06 18:11:08,15.2,3.28,96.9,320,True,False,MONITORING,100
2452,2026-07-06 18:11:06,15.15,2.74,96.9,231,True,False,MONITORING,100
2451,2026-07-06 18:11:04,28.75,3.61,97.0,329,True,False,MONITORING,100
2450,2026-07-06 18:11:02,20.18,2.5,97.0,277,True,False,MONITORING,100
2449,2026-07-06 18:11:00,21.17,4.36,97.1,310,True,False,MONITORING,100
2448,2026-07-06 18:10:58,0.0,3.77,97.1,125,True,False,MONITORING,90
2447,2026-07-06 18:10:56,16.48,1.97,97.2,252,True,False,MONITORING,100
2446,2026-07-06 18:10:54,18.39,2.41,97.2,401,True,False,REGENERATION_REQUIRED,80
2445,2026-07-06 18:10:52,16.83,3.24,97.3,100,True,False,MONITORING,100
2444,2026-07-06 18:10:50,23.15,1.57,97.3,108,True,False,MONITORING,100
2443,2026-07-06 18:10:48,25.89,1.97,97.4,299,True,False,MONITORING,100
2442,2026-07-06 18:10:46,0.0,3.08,97.4,357,True,False,MONITORING,90
2441,2026-07-06 18:10:44,27.06,3.17,97.5,189,True,False,MONITORING,100
2440,2026-07-06 18:10:42,23.0,4.27,97.5,447,True,False,REGENERATION_REQUIRED,80
2439,2026-07-06 18:10:40,27.07,2.42,97.6,359,True,False,MONITORING,100
2438,2026-07-06 18:10:38,22.94,1.54,97.6,343,True,False,MONITORING,100
2437,2026-07-06 18:10:36,20.46,2.89,97.7,297,True,False,MONITORING,100
2436,2026-07-06 18:10:34,26.38,3.43,97.7,300,True,False,MONITORING,100
2435,2026-07-06 18:10:32,16.47,1.81,97.8,434,True,False,REGENERATION_REQUIRED,80
2434,2026-07-06 18:10:30,24.36,3.64,97.8,401,True,False,REGENERATION_REQUIRED,80
2433,2026-07-06 18:10:28,19.3,1.65,97.9,311,True,False,MONITORING,100
2432,2026-07-06 18:10:26,15.58,3.86,97.9,332,True,False,MONITORING,100
2431,2026-07-06 18:10:24,28.99,2.92,98.0,359,True,False,MONITORING,100
2430,2026-07-06 18:10:22,21.67,1.97,98.0,275,True,False,MONITORING,100
2429,2026-07-06 18:10:21,25.21,3.94,98.1,271,True,False,MONITORING,100
2428,2026-07-06 18:09:43,16.24,1.83,98.1,189,True,False,MONITORING,100
2427,2026-07-06 18:08:43,17.38,2.81,98.2,313,True,False,MONITORING,100
2426,2026-07-06 18:07:43,15.93,3.13,98.2,178,True,False,MONITORING,100
2425,2026-07-06 18:06:43,18.9,3.88,98.3,361,True,False,MONITORING,100
2424,2026-07-06 18:05:43,18.49,4.31,98.3,133,True,False,MONITORING,100
2423,2026-07-06 18:04:46,29.24,3.8,98.4,341,True,False,MONITORING,100
2422,2026-07-06 18:04:44,23.08,2.51,98.4,194,True,False,MONITORING,100
2421,2026-07-06 18:04:42,17.85,3.48,98.5,395,True,False,MONITORING,100
2420,2026-07-06 18:04:40,29.97,1.92,98.5,319,True,False,MONITORING,100
2419,2026-07-06 18:04:38,17.93,2.49,98.6,268,True,False,MONITORING,100
2418,2026-07-06 18:04:36,25.92,4.36,98.6,334,True,False,MONITORING,100
2417,2026-07-06 18:04:34,0.0,2.68,98.7,189,True,False,MONITORING,90
2416,2026-07-06 18:04:32,19.94,3.99,98.7,290,True,False,MONITORING,100
2415,2026-07-06 18:04:30,26.97,3.72,98.8,128,True,False,MONITORING,100
2414,2026-07-06 18:04:28,28.36,2.65,98.8,168,True,False,MONITORING,100
2413,2026-07-06 18:04:26,24.44,4.19,98.9,443,True,False,REGENERATION_REQUIRED,80
2412,2026-07-06 18:04:24,20.99,3.57,98.9,323,True,False,MONITORING,100
2411,2026-07-06 18:04:22,24.16,3.92,99.0,236,True,False,MONITORING,100
2410,2026-07-06 18:04:20,16.67,2.61,99.0,416,True,False,REGENERATION_REQUIRED,80
2409,2026-07-06 18:04:18,25.51,1.8,99.1,184,True,False,MONITORING,100
2408,2026-07-06 18:04:16,27.08,1.56,99.1,296,True,False,MONITORING,100
2407,2026-07-06 18:04:14,19.73,3.21,99.2,402,True,False,REGENERATION_REQUIRED,80
2406,2026-07-06 18:04:12,27.14,4.29,99.2,253,True,False,MONITORING,100
2405,2026-07-06 18:04:10,0.0,2.04,99.3,447,True,False,REGENERATION_REQUIRED,70
2404,2026-07-06 18:04:08,28.54,4.0,99.3,435,True,False,REGENERATION_REQUIRED,80
2403,2026-07-06 18:04:06,29.74,2.27,99.4,253,True,False,MONITORING,100
2402,2026-07-06 18:04:04,17.16,2.88,99.4,343,True,False,MONITORING,100
2401,2026-07-06 18:04:02,18.1,2.09,99.5,338,True,False,MONITORING,100
2400,2026-07-06 18:04:00,19.21,1.96,99.5,326,True,False,MONITORING,100
2399,2026-07-06 18:03:58,21.92,2.16,99.6,111,True,False,MONITORING,100
2398,2026-07-06 18:03:56,0.0,2.49,99.6,253,True,False,MONITORING,90
2397,2026-07-06 18:03:54,15.41,3.3,99.7,336,True,False,MONITORING,100
2396,2026-07-06 18:03:52,17.26,2.62,99.7,210,True,False,MONITORING,100
2395,2026-07-06 18:03:50,25.02,3.46,99.8,331,True,False,MONITORING,100
2394,2026-07-06 18:03:48,24.34,2.53,99.8,218,True,False,MONITORING,100
2393,2026-07-06 18:03:46,25.31,2.28,99.9,247,True,False,MONITORING,100
2392,2026-07-06 18:03:44,20.89,3.37,99.9,342,True,False,MONITORING,100
2391,2026-07-06 18:03:43,16.92,1.53,100.0,199,True,False,MONITORING,100
2390,2026-07-06 18:03:20,24.41,3.86,98.7,169,True,False,MONITORING,100
2389,2026-07-06 18:03:18,27.26,4.2,98.7,172,True,False,MONITORING,100
2388,2026-07-06 18:03:16,20.85,1.62,98.8,335,True,False,MONITORING,100
2387,2026-07-06 18:03:14,29.52,2.59,98.8,283,True,False,MONITORING,100
2386,2026-07-06 18:03:12,18.4,2.49,98.9,209,True,False,MONITORING,100
2385,2026-07-06 18:03:10,24.8,1.72,98.9,331,True,False,MONITORING,100
2384,2026-07-06 18:03:08,26.05,1.66,99.0,280,True,False,MONITORING,100
2383,2026-07-06 18:03:06,20.87,4.46,99.0,173,True,False,MONITORING,100
2382,2026-07-06 18:03:04,16.88,1.78,99.1,450,True,False,REGENERATION_REQUIRED,80
2381,2026-07-06 18:03:02,28.41,4.22,99.1,443,True,False,REGENERATION_REQUIRED,80
2380,2026-07-06 18:03:00,27.96,4.21,99.2,424,True,False,REGENERATION_REQUIRED,80
2379,2026-07-06 18:02:58,23.14,1.8,99.2,199,True,False,MONITORING,100
2378,2026-07-06 18:02:56,22.37,4.22,99.3,253,True,False,MONITORING,100
2377,2026-07-06 18:02:54,24.01,3.54,99.3,437,True,False,REGENERATION_REQUIRED,80
2376,2026-07-06 18:02:52,27.24,3.7,99.4,116,True,False,MONITORING,100
2375,2026-07-06 18:02:50,23.12,1.65,99.4,276,True,False,MONITORING,100
2374,2026-07-06 18:02:48,17.49,3.39,99.5,112,True,False,MONITORING,100
2373,2026-07-06 18:02:46,23.9,3.28,99.5,369,True,False,MONITORING,100
2372,2026-07-06 18:02:44,27.86,2.66,99.6,436,True,False,REGENERATION_REQUIRED,80
2371,2026-07-06 18:02:42,19.7,4.35,99.6,143,True,False,MONITORING,100
2370,2026-07-06 18:02:40,28.11,3.63,99.7,149,True,False,MONITORING,100
2369,2026-07-06 18:02:38,20.74,3.14,99.7,450,True,False,REGENERATION_REQUIRED,80
2368,2026-07-06 18:02:36,0.0,2.3,99.8,146,True,False,MONITORING,90
2367,2026-07-06 18:02:35,20.76,4.4,99.8,196,True,False,MONITORING,100
2366,2026-07-06 18:02:33,15.12,3.75,99.9,410,True,False,REGENERATION_REQUIRED,80
2365,2026-07-06 18:02:31,23.12,1.77,99.9,128,True,False,MONITORING,100
2364,2026-07-06 18:02:29,15.71,1.98,100.0,189,True,False,MONITORING,100
2363,2026-07-06 18:02:15,23.04,3.98,88.3,122,True,False,MONITORING,100
2362,2026-07-06 18:02:13,17.03,2.85,88.4,449,True,False,REGENERATION_REQUIRED,80
2361,2026-07-06 18:02:11,18.03,4.48,88.4,331,True,False,MONITORING,100
2360,2026-07-06 18:02:09,27.72,1.8,88.5,175,True,False,MONITORING,100
2359,2026-07-06 18:02:07,16.81,4.18,88.5,282,True,False,MONITORING,100
2358,2026-07-06 18:02:05,15.3,3.89,88.6,444,True,False,REGENERATION_REQUIRED,80
2357,2026-07-06 18:02:03,23.59,2.33,88.6,210,True,False,MONITORING,100
2356,2026-07-06 18:02:01,28.72,3.76,88.7,232,True,False,MONITORING,100
2355,2026-07-06 18:01:59,24.73,1.8,88.7,323,True,False,MONITORING,100
2354,2026-07-06 18:01:57,19.8,3.41,88.8,113,True,False,MONITORING,100
2353,2026-07-06 18:01:55,15.05,3.6,88.8,135,True,False,MONITORING,100
2352,2026-07-06 18:01:53,22.13,2.51,88.9,305,True,False,MONITORING,100
2351,2026-07-06 18:01:51,21.33,3.08,88.9,235,True,False,MONITORING,100
2350,2026-07-06 18:01:49,28.41,2.86,89.0,311,True,False,MONITORING,100
2349,2026-07-06 18:01:47,21.01,3.0,89.0,249,True,False,MONITORING,100
2348,2026-07-06 18:01:45,15.02,4.44,89.1,268,True,False,MONITORING,100
2347,2026-07-06 18:01:43,20.76,2.55,89.1,254,True,False,MONITORING,100
2346,2026-07-06 18:01:41,28.41,2.08,89.2,158,True,False,MONITORING,100
2345,2026-07-06 18:01:39,19.18,1.55,89.2,187,True,False,MONITORING,100
2344,2026-07-06 18:01:37,16.11,3.51,89.3,161,True,False,MONITORING,100
2343,2026-07-06 18:01:35,24.92,2.87,89.3,141,True,False,MONITORING,100
2342,2026-07-06 18:01:33,28.94,3.44,89.4,199,True,False,MONITORING,100
2341,2026-07-06 18:01:31,16.4,2.91,89.4,169,True,False,MONITORING,100
2340,2026-07-06 18:01:29,26.56,3.41,89.5,137,True,False,MONITORING,100
2339,2026-07-06 18:01:27,28.05,2.09,89.5,199,True,False,MONITORING,100
2338,2026-07-06 18:01:25,22.49,1.97,89.6,219,True,False,MONITORING,100
2337,2026-07-06 18:01:23,26.71,3.87,89.6,252,True,False,MONITORING,100
2336,2026-07-06 18:01:21,29.01,3.51,89.7,294,True,False,MONITORING,100
2335,2026-07-06 18:01:19,15.35,2.49,89.7,408,True,False,REGENERATION_REQUIRED,80
2334,2026-07-06 18:01:17,0.0,2.26,89.8,100,True,False,MONITORING,90
2333,2026-07-06 18:01:15,25.95,2.5,89.8,141,True,False,MONITORING,100
2332,2026-07-06 18:01:13,22.84,2.78,89.9,244,True,False,MONITORING,100
2331,2026-07-06 18:01:11,0.0,3.04,89.9,164,True,False,MONITORING,90
2330,2026-07-06 18:01:09,18.44,3.88,90.0,253,True,False,MONITORING,100
2329,2026-07-06 18:01:07,26.3,1.74,90.0,201,True,False,MONITORING,100
2328,2026-07-06 18:01:05,26.76,3.11,90.1,304,True,False,MONITORING,100
2327,2026-07-06 18:01:03,27.55,2.05,90.1,181,True,False,MONITORING,100
2326,2026-07-06 18:01:01,29.65,4.36,90.2,207,True,False,MONITORING,100
2325,2026-07-06 18:00:59,21.47,2.76,90.2,273,True,False,MONITORING,100
2324,2026-07-06 18:00:57,22.31,3.66,90.3,337,True,False,MONITORING,100
2323,2026-07-06 18:00:55,29.43,4.28,90.3,137,True,False,MONITORING,100
2322,2026-07-06 18:00:53,19.2,2.49,90.4,234,True,False,MONITORING,100
2321,2026-07-06 18:00:51,18.63,3.27,90.4,275,True,False,MONITORING,100
2320,2026-07-06 18:00:49,26.43,3.4,90.5,172,True,False,MONITORING,100
2319,2026-07-06 18:00:47,21.27,1.58,90.5,324,True,False,MONITORING,100
2318,2026-07-06 18:00:45,23.56,3.17,90.6,392,True,False,MONITORING,100
2317,2026-07-06 18:00:43,21.47,3.63,90.6,262,True,False,MONITORING,100
2316,2026-07-06 18:00:41,27.83,1.8,90.7,202,True,False,MONITORING,100
2315,2026-07-06 18:00:39,25.57,2.32,90.7,141,True,False,MONITORING,100
2314,2026-07-06 18:00:37,21.47,1.86,90.8,385,True,False,MONITORING,100
2313,2026-07-06 18:00:35,19.26,2.89,90.8,210,True,False,MONITORING,100
2312,2026-07-06 18:00:33,25.21,4.43,90.9,209,True,False,MONITORING,100
2311,2026-07-06 18:00:31,15.83,3.24,90.9,329,True,False,MONITORING,100
2310,2026-07-06 18:00:29,23.68,4.0,91.0,346,True,False,MONITORING,100
2309,2026-07-06 18:00:27,19.38,2.77,91.0,416,True,False,REGENERATION_REQUIRED,80
2308,2026-07-06 18:00:25,17.57,2.81,91.1,257,True,False,MONITORING,100
2307,2026-07-06 18:00:23,0.0,3.03,91.1,293,True,False,MONITORING,90
2306,2026-07-06 18:00:21,26.88,4.23,91.2,194,True,False,MONITORING,100
2305,2026-07-06 18:00:19,15.64,4.13,91.2,365,True,False,MONITORING,100
2304,2026-07-06 18:00:17,15.84,4.29,91.3,341,True,False,MONITORING,100
2303,2026-07-06 18:00:15,26.89,2.52,91.3,167,True,False,MONITORING,100
2302,2026-07-06 18:00:13,21.17,3.44,91.4,325,True,False,MONITORING,100
2301,2026-07-06 18:00:11,28.35,3.2,91.4,212,True,False,MONITORING,100
2300,2026-07-06 18:00:09,23.33,2.45,91.5,151,True,False,MONITORING,100
2299,2026-07-06 18:00:07,25.7,2.39,91.5,100,True,False,MONITORING,100
2298,2026-07-06 18:00:05,25.14,4.39,91.6,298,True,False,MONITORING,100
2297,2026-07-06 18:00:03,16.56,1.65,91.6,447,True,False,REGENERATION_REQUIRED,80
2296,2026-07-06 18:00:01,21.1,2.73,91.7,415,True,False,REGENERATION_REQUIRED,80
2295,2026-07-06 17:59:59,23.5,1.51,91.7,375,True,False,MONITORING,100
2294,2026-07-06 17:59:57,27.78,4.44,91.8,262,True,False,MONITORING,100
2293,2026-07-06 17:59:55,0.0,3.17,91.8,389,True,False,MONITORING,90
2292,2026-07-06 17:59:53,16.85,4.42,91.9,416,True,False,REGENERATION_REQUIRED,80
2291,2026-07-06 17:59:51,26.35,4.14,91.9,304,True,False,MONITORING,100
2290,2026-07-06 17:59:49,21.07,4.18,92.0,108,True,False,MONITORING,100
2289,2026-07-06 17:59:47,21.93,3.45,92.0,238,True,False,MONITORING,100
2288,2026-07-06 17:59:45,18.14,2.33,92.1,396,True,False,MONITORING,100
2287,2026-07-06 17:59:43,20.99,4.19,92.1,105,True,False,MONITORING,100
2286,2026-07-06 17:59:41,26.84,3.81,92.2,123,True,False,MONITORING,100
2285,2026-07-06 17:59:39,24.06,2.25,92.2,212,True,False,MONITORING,100
2284,2026-07-06 17:59:37,19.99,1.67,92.3,140,True,False,MONITORING,100
2283,2026-07-06 17:59:35,27.89,2.92,92.3,298,True,False,MONITORING,100
2282,2026-07-06 17:59:33,26.81,4.44,92.4,431,True,False,REGENERATION_REQUIRED,80
2281,2026-07-06 17:59:31,28.0,2.5,92.4,406,True,False,REGENERATION_REQUIRED,80
2280,2026-07-06 17:59:29,19.97,4.25,92.5,171,True,False,MONITORING,100
2279,2026-07-06 17:59:27,28.06,1.62,92.5,329,True,False,MONITORING,100
2278,2026-07-06 17:59:25,15.6,3.32,92.6,218,True,False,MONITORING,100
2277,2026-07-06 17:59:23,29.0,2.63,92.6,368,True,False,MONITORING,100
2276,2026-07-06 17:59:21,17.59,2.88,92.7,380,True,False,MONITORING,100
2275,2026-07-06 17:59:19,25.51,4.28,92.7,165,True,False,MONITORING,100
2274,2026-07-06 17:59:17,16.13,2.76,92.8,438,True,False,REGENERATION_REQUIRED,80
2273,2026-07-06 17:59:15,20.38,2.37,92.8,191,True,False,MONITORING,100
2272,2026-07-06 17:59:13,16.39,1.93,92.9,102,True,False,MONITORING,100
2271,2026-07-06 17:59:11,29.55,3.03,92.9,391,True,False,MONITORING,100
2270,2026-07-06 17:59:09,21.85,3.79,93.0,291,True,False,MONITORING,100
2269,2026-07-06 17:59:07,18.96,3.39,93.0,178,True,False,MONITORING,100
2268,2026-07-06 17:59:05,15.24,3.49,93.1,348,True,False,MONITORING,100
2267,2026-07-06 17:59:03,27.23,3.88,93.1,152,True,False,MONITORING,100
2266,2026-07-06 17:59:01,21.69,3.63,93.2,377,True,False,MONITORING,100
2265,2026-07-06 17:58:59,17.87,1.55,93.2,301,True,False,MONITORING,100
2264,2026-07-06 17:58:57,25.44,1.87,93.3,411,True,False,REGENERATION_REQUIRED,80
2263,2026-07-06 17:58:55,24.53,2.51,93.3,173,True,False,MONITORING,100
2262,2026-07-06 17:58:53,0.0,2.75,93.4,181,True,False,MONITORING,90
2261,2026-07-06 17:58:51,26.88,2.56,93.4,202,True,False,MONITORING,100
2260,2026-07-06 17:58:49,21.26,3.68,93.5,278,True,False,MONITORING,100
2259,2026-07-06 17:58:47,28.57,2.6,93.5,229,True,False,MONITORING,100
2258,2026-07-06 17:58:45,23.55,1.56,93.6,432,True,False,REGENERATION_REQUIRED,80
2257,2026-07-06 17:58:43,16.46,2.43,93.6,431,True,False,REGENERATION_REQUIRED,80
2256,2026-07-06 17:58:41,18.25,4.0,93.7,381,True,False,MONITORING,100
2255,2026-07-06 17:58:39,24.79,3.14,93.7,282,True,False,MONITORING,100
2254,2026-07-06 17:58:37,22.34,2.66,93.8,339,True,False,MONITORING,100
2253,2026-07-06 17:58:35,19.67,2.44,93.8,233,True,False,MONITORING,100
2252,2026-07-06 17:58:33,23.31,3.67,93.9,227,True,False,MONITORING,100
2251,2026-07-06 17:58:31,29.18,4.47,93.9,395,True,False,MONITORING,100
2250,2026-07-06 17:58:29,24.61,3.76,94.0,102,True,False,MONITORING,100
2249,2026-07-06 17:58:27,18.02,2.52,94.0,270,True,False,MONITORING,100
2248,2026-07-06 17:58:25,0.0,2.6,94.1,392,True,False,MONITORING,90
2247,2026-07-06 17:58:23,21.76,1.65,94.1,139,True,False,MONITORING,100
2246,2026-07-06 17:58:21,28.97,3.86,94.2,258,True,False,MONITORING,100
2245,2026-07-06 17:58:19,29.38,1.62,94.2,193,True,False,MONITORING,100
2244,2026-07-06 17:58:17,22.61,2.0,94.3,303,True,False,MONITORING,100
2243,2026-07-06 17:58:15,27.75,2.29,94.3,194,True,False,MONITORING,100
2242,2026-07-06 17:58:13,28.46,4.1,94.4,325,True,False,MONITORING,100
2241,2026-07-06 17:58:11,20.69,3.61,94.4,136,True,False,MONITORING,100
2240,2026-07-06 17:58:09,22.31,3.77,94.5,361,True,False,MONITORING,100
2239,2026-07-06 17:58:07,22.11,4.18,94.5,184,True,False,MONITORING,100
2238,2026-07-06 17:58:05,23.06,3.63,94.6,330,True,False,MONITORING,100
2237,2026-07-06 17:58:03,20.26,2.68,94.6,245,True,False,MONITORING,100
2236,2026-07-06 17:58:01,17.78,3.33,94.7,333,True,False,MONITORING,100
2235,2026-07-06 17:57:59,22.57,4.28,94.7,414,True,False,REGENERATION_REQUIRED,80
2234,2026-07-06 17:57:57,28.26,1.73,94.8,321,True,False,MONITORING,100
2233,2026-07-06 17:57:55,28.73,2.54,94.8,297,True,False,MONITORING,100
2232,2026-07-06 17:57:53,29.43,1.65,94.9,394,True,False,MONITORING,100
2231,2026-07-06 17:57:51,28.1,2.64,94.9,233,True,False,MONITORING,100
2230,2026-07-06 17:57:49,27.71,4.08,95.0,312,True,False,MONITORING,100
2229,2026-07-06 17:57:47,21.57,4.04,95.0,370,True,False,MONITORING,100
2228,2026-07-06 17:57:45,19.77,2.24,95.1,234,True,False,MONITORING,100
2227,2026-07-06 17:57:43,24.74,4.23,95.1,205,True,False,MONITORING,100
2226,2026-07-06 17:57:41,29.88,2.05,95.2,336,True,False,MONITORING,100
2225,2026-07-06 17:57:39,25.31,4.01,95.2,417,True,False,REGENERATION_REQUIRED,80
2224,2026-07-06 17:57:37,25.54,4.04,95.3,274,True,False,MONITORING,100
2223,2026-07-06 17:57:35,15.43,1.65,95.3,364,True,False,MONITORING,100
2222,2026-07-06 17:57:33,17.39,2.91,95.4,202,True,False,MONITORING,100
2221,2026-07-06 17:57:31,0.0,2.27,95.4,443,True,False,REGENERATION_REQUIRED,70
2220,2026-07-06 17:57:29,28.26,2.16,95.5,217,True,False,MONITORING,100
2219,2026-07-06 17:57:27,29.43,4.39,95.5,197,True,False,MONITORING,100
2218,2026-07-06 17:57:25,0.0,2.54,95.6,444,True,False,REGENERATION_REQUIRED,70
2217,2026-07-06 17:57:23,22.35,3.36,95.6,423,True,False,REGENERATION_REQUIRED,80
2216,2026-07-06 17:57:21,16.93,2.58,95.7,288,True,False,MONITORING,100
2215,2026-07-06 17:57:19,25.53,1.97,95.7,231,True,False,MONITORING,100
2214,2026-07-06 17:57:17,18.78,2.51,95.8,447,True,False,REGENERATION_REQUIRED,80
2213,2026-07-06 17:57:15,26.71,4.26,95.8,251,True,False,MONITORING,100
2212,2026-07-06 17:57:13,27.8,3.94,95.9,291,True,False,MONITORING,100
2211,2026-07-06 17:57:11,15.53,1.82,95.9,212,True,False,MONITORING,100
2210,2026-07-06 17:57:09,0.0,2.18,96.0,445,True,False,REGENERATION_REQUIRED,70
2209,2026-07-06 17:57:07,25.4,2.11,96.0,353,True,False,MONITORING,100
2208,2026-07-06 17:57:05,21.23,2.21,96.1,286,True,False,MONITORING,100
2207,2026-07-06 17:57:03,28.73,1.74,96.1,270,True,False,MONITORING,100
2206,2026-07-06 17:57:01,28.5,2.62,96.2,396,True,False,MONITORING,100
2205,2026-07-06 17:56:59,29.23,2.09,96.2,327,True,False,MONITORING,100
2204,2026-07-06 17:56:57,27.89,1.65,96.3,253,True,False,MONITORING,100
2203,2026-07-06 17:56:56,23.12,3.72,96.3,271,True,False,MONITORING,100
2202,2026-07-06 17:56:43,15.8,3.45,96.4,262,True,False,MONITORING,100
2201,2026-07-06 17:56:27,26.4,2.41,96.4,266,True,False,MONITORING,100
2200,2026-07-06 17:56:25,27.27,3.37,96.5,324,True,False,MONITORING,100
2199,2026-07-06 17:56:23,23.3,1.63,96.5,149,True,False,MONITORING,100
2198,2026-07-06 17:56:21,21.65,3.37,96.6,431,True,False,REGENERATION_REQUIRED,80
2197,2026-07-06 17:56:19,18.94,3.78,96.6,217,True,False,MONITORING,100
2196,2026-07-06 17:56:17,15.83,4.49,96.7,193,True,False,MONITORING,100
2195,2026-07-06 17:56:15,23.1,2.69,96.7,198,True,False,MONITORING,100
2194,2026-07-06 17:56:13,17.54,2.37,96.8,387,True,False,MONITORING,100
2193,2026-07-06 17:56:11,18.67,1.58,96.8,299,True,False,MONITORING,100
2192,2026-07-06 17:56:09,29.68,2.51,96.9,381,True,False,MONITORING,100
2191,2026-07-06 17:56:07,20.58,2.18,96.9,433,True,False,REGENERATION_REQUIRED,80
2190,2026-07-06 17:56:05,20.24,3.7,97.0,308,True,False,MONITORING,100
2189,2026-07-06 17:56:03,16.39,2.67,97.0,106,True,False,MONITORING,100
2188,2026-07-06 17:56:01,20.74,4.19,97.1,385,True,False,MONITORING,100
2187,2026-07-06 17:55:59,21.54,1.69,97.1,373,True,False,MONITORING,100
2186,2026-07-06 17:55:57,23.5,3.22,97.2,265,True,False,MONITORING,100
2185,2026-07-06 17:55:55,25.76,3.49,97.2,212,True,False,MONITORING,100
2184,2026-07-06 17:55:53,21.97,4.14,97.3,284,True,False,MONITORING,100
2183,2026-07-06 17:55:51,16.87,3.08,97.3,215,True,False,MONITORING,100
2182,2026-07-06 17:55:49,0.0,3.31,97.4,262,True,False,MONITORING,90
2181,2026-07-06 17:55:47,28.73,3.74,97.4,269,True,False,MONITORING,100
2180,2026-07-06 17:55:45,28.91,1.78,97.5,323,True,False,MONITORING,100
2179,2026-07-06 17:55:43,15.87,4.48,97.5,442,True,False,REGENERATION_REQUIRED,80
2178,2026-07-06 17:55:41,24.27,3.02,97.6,408,True,False,REGENERATION_REQUIRED,80
2177,2026-07-06 17:55:39,26.8,1.88,97.6,135,True,False,MONITORING,100
2176,2026-07-06 17:55:37,21.08,4.47,97.7,362,True,False,MONITORING,100
2175,2026-07-06 17:55:35,29.26,2.97,97.7,180,True,False,MONITORING,100
2174,2026-07-06 17:55:33,28.96,2.69,97.8,102,True,False,MONITORING,100
2173,2026-07-06 17:55:31,21.14,3.08,97.8,319,True,False,MONITORING,100
2172,2026-07-06 17:55:30,21.31,2.72,97.9,246,True,False,MONITORING,100
2171,2026-07-06 17:55:29,27.72,2.4,97.9,169,True,False,MONITORING,100
2170,2026-07-06 17:55:27,21.19,3.32,98.0,193,True,False,MONITORING,100
2169,2026-07-06 17:55:13,19.07,4.15,98.0,119,True,False,MONITORING,100
2168,2026-07-06 17:55:11,28.64,2.24,98.1,156,True,False,MONITORING,100
2167,2026-07-06 17:55:09,19.08,4.08,98.1,185,True,False,MONITORING,100
2166,2026-07-06 17:55:07,19.22,3.84,98.2,183,True,False,MONITORING,100
2165,2026-07-06 17:55:05,22.12,1.97,98.2,241,True,False,MONITORING,100
2164,2026-07-06 17:55:03,21.32,3.62,98.3,269,True,False,MONITORING,100
2163,2026-07-06 17:55:01,18.82,1.61,98.3,430,True,False,REGENERATION_REQUIRED,80
2162,2026-07-06 17:54:59,15.05,4.09,98.4,394,True,False,MONITORING,100
2161,2026-07-06 17:54:57,21.51,1.86,98.4,113,True,False,MONITORING,100
2160,2026-07-06 17:54:55,24.59,2.74,98.5,375,True,False,MONITORING,100
2159,2026-07-06 17:54:53,20.32,4.24,98.5,419,True,False,REGENERATION_REQUIRED,80
2158,2026-07-06 17:54:51,0.0,3.38,98.6,243,True,False,MONITORING,90
2157,2026-07-06 17:54:49,15.09,2.94,98.6,287,True,False,MONITORING,100
2156,2026-07-06 17:54:47,24.55,3.1,98.7,201,True,False,MONITORING,100
2155,2026-07-06 17:54:45,25.44,3.96,98.7,109,True,False,MONITORING,100
2154,2026-07-06 17:54:43,28.1,3.25,98.8,443,True,False,REGENERATION_REQUIRED,80
2153,2026-07-06 17:54:41,24.52,4.41,98.8,318,True,False,MONITORING,100
2152,2026-07-06 17:54:39,26.02,3.0,98.9,358,True,False,MONITORING,100
2151,2026-07-06 17:54:37,21.54,4.42,98.9,285,True,False,MONITORING,100
2150,2026-07-06 17:54:35,0.0,4.32,99.0,353,True,False,MONITORING,90
2149,2026-07-06 17:54:33,19.84,2.2,99.0,374,True,False,MONITORING,100
2148,2026-07-06 17:54:31,23.69,4.08,99.1,260,True,False,MONITORING,100
2147,2026-07-06 17:54:29,21.68,2.76,99.1,239,True,False,MONITORING,100
2146,2026-07-06 17:54:27,18.81,2.67,99.2,109,True,False,MONITORING,100
2145,2026-07-06 17:54:25,23.47,2.62,99.2,253,True,False,MONITORING,100
2144,2026-07-06 17:54:23,17.75,3.84,99.3,307,True,False,MONITORING,100
2143,2026-07-06 17:54:21,29.82,3.45,99.3,409,True,False,REGENERATION_REQUIRED,80
2142,2026-07-06 17:54:19,17.33,4.38,99.4,331,True,False,MONITORING,100
2141,2026-07-06 17:54:17,0.0,4.02,99.4,237,True,False,MONITORING,90
2140,2026-07-06 17:54:15,27.65,3.11,99.5,108,True,False,MONITORING,100
2139,2026-07-06 17:54:13,26.98,2.3,99.5,325,True,False,MONITORING,100
2138,2026-07-06 17:54:11,17.38,3.27,99.6,188,True,False,MONITORING,100
2137,2026-07-06 17:54:09,24.48,3.58,99.6,299,True,False,MONITORING,100
2136,2026-07-06 17:54:09,26.04,3.28,99.7,349,True,False,MONITORING,100
2135,2026-07-06 17:54:07,0.0,3.43,99.7,184,True,False,MONITORING,90
2134,2026-07-06 17:54:05,23.59,3.52,99.8,329,True,False,MONITORING,100
2133,2026-07-06 17:54:03,27.38,4.27,99.8,431,True,False,REGENERATION_REQUIRED,80
2132,2026-07-06 17:54:02,20.62,4.42,99.9,150,True,False,MONITORING,100
2131,2026-07-06 17:54:00,17.8,1.72,99.9,430,True,False,REGENERATION_REQUIRED,80
2130,2026-07-06 17:53:58,26.35,2.96,100.0,307,True,False,MONITORING,100
2129,2026-07-06 17:53:48,28.66,2.73,81.2,244,True,False,MONITORING,100
2128,2026-07-06 17:53:46,17.7,3.02,81.2,420,True,False,REGENERATION_REQUIRED,80
2127,2026-07-06 17:53:44,28.31,2.83,81.3,360,True,False,MONITORING,100
2126,2026-07-06 17:53:42,20.85,4.4,81.3,270,True,False,MONITORING,100
2125,2026-07-06 17:53:40,19.24,3.96,81.4,246,True,False,MONITORING,100
2124,2026-07-06 17:53:38,29.02,1.6,81.4,171,True,False,MONITORING,100
2123,2026-07-06 17:53:36,22.74,4.17,81.5,180,True,False,MONITORING,100
2122,2026-07-06 17:53:34,0.0,2.02,81.5,101,True,False,MONITORING,90
2121,2026-07-06 17:53:32,21.44,3.73,81.6,143,True,False,MONITORING,100
2120,2026-07-06 17:53:30,17.92,2.99,81.6,427,True,False,REGENERATION_REQUIRED,80
2119,2026-07-06 17:53:28,18.39,2.65,81.7,435,True,False,REGENERATION_REQUIRED,80
2118,2026-07-06 17:53:26,27.2,3.03,81.7,104,True,False,MONITORING,100
2117,2026-07-06 17:53:24,18.87,3.02,81.8,374,True,False,MONITORING,100
2116,2026-07-06 17:53:22,26.12,4.43,81.8,291,True,False,MONITORING,100
2115,2026-07-06 17:53:20,25.46,3.65,81.9,336,True,False,MONITORING,100
2114,2026-07-06 17:53:18,24.38,3.11,81.9,225,True,False,MONITORING,100
2113,2026-07-06 17:53:16,21.7,4.22,82.0,416,True,False,REGENERATION_REQUIRED,80
2112,2026-07-06 17:53:14,25.44,2.91,82.0,360,True,False,MONITORING,100
2111,2026-07-06 17:53:12,26.88,4.36,82.1,107,True,False,MONITORING,100
2110,2026-07-06 17:53:10,28.87,1.74,82.1,109,True,False,MONITORING,100
2109,2026-07-06 17:53:08,28.24,4.26,82.2,222,True,False,MONITORING,100
2108,2026-07-06 17:53:06,22.69,2.91,82.2,441,True,False,REGENERATION_REQUIRED,80
2107,2026-07-06 17:53:04,24.48,4.41,82.3,259,True,False,MONITORING,100
2106,2026-07-06 17:53:02,16.94,3.52,82.3,266,True,False,MONITORING,100
2105,2026-07-06 17:53:00,16.48,2.97,82.4,230,True,False,MONITORING,100
2104,2026-07-06 17:52:58,16.02,1.64,82.4,254,True,False,MONITORING,100
2103,2026-07-06 17:52:56,26.91,4.24,82.5,445,True,False,REGENERATION_REQUIRED,80
2102,2026-07-06 17:52:54,25.02,1.55,82.5,377,True,False,MONITORING,100
2101,2026-07-06 17:52:52,16.21,1.8,82.6,238,True,False,MONITORING,100
2100,2026-07-06 17:52:50,18.57,2.92,82.6,317,True,False,MONITORING,100
2099,2026-07-06 17:52:48,22.53,3.09,82.7,245,True,False,MONITORING,100
2098,2026-07-06 17:52:46,24.89,2.26,82.7,105,True,False,MONITORING,100
2097,2026-07-06 17:52:44,17.84,2.66,82.8,409,True,False,REGENERATION_REQUIRED,80
2096,2026-07-06 17:52:42,17.71,3.82,82.8,222,True,False,MONITORING,100
2095,2026-07-06 17:52:40,15.47,2.78,82.9,278,True,False,MONITORING,100
2094,2026-07-06 17:52:38,28.01,2.15,82.9,348,True,False,MONITORING,100
2093,2026-07-06 17:52:36,28.56,3.92,83.0,163,True,False,MONITORING,100
2092,2026-07-06 17:52:34,0.0,2.19,83.0,340,True,False,MONITORING,90
2091,2026-07-06 17:52:32,19.06,2.38,83.1,273,True,False,MONITORING,100
2090,2026-07-06 17:52:30,29.21,1.56,83.1,350,True,False,MONITORING,100
2089,2026-07-06 17:52:28,24.74,1.72,83.2,174,True,False,MONITORING,100
2088,2026-07-06 17:52:26,22.24,3.26,83.2,126,True,False,MONITORING,100
2087,2026-07-06 17:52:24,26.42,3.62,83.3,272,True,False,MONITORING,100
2086,2026-07-06 17:52:22,22.17,2.16,83.3,398,True,False,MONITORING,100
2085,2026-07-06 17:52:20,21.92,3.59,83.4,445,True,False,REGENERATION_REQUIRED,80
2084,2026-07-06 17:52:18,20.15,2.6,83.4,423,True,False,REGENERATION_REQUIRED,80
2083,2026-07-06 17:52:16,26.81,2.9,83.5,215,True,False,MONITORING,100
2082,2026-07-06 17:52:14,17.54,2.12,83.5,251,True,False,MONITORING,100
2081,2026-07-06 17:52:12,28.61,3.26,83.6,217,True,False,MONITORING,100
2080,2026-07-06 17:52:10,17.62,3.99,83.6,312,True,False,MONITORING,100
2079,2026-07-06 17:52:08,15.52,4.0,83.7,363,True,False,MONITORING,100
2078,2026-07-06 17:52:06,28.45,2.08,83.7,114,True,False,MONITORING,100
2077,2026-07-06 17:52:04,22.16,1.63,83.8,127,True,False,MONITORING,100
2076,2026-07-06 17:52:02,27.08,2.28,83.8,372,True,False,MONITORING,100
2075,2026-07-06 17:52:00,20.17,3.01,83.9,148,True,False,MONITORING,100
2074,2026-07-06 17:51:58,23.05,2.34,83.9,199,True,False,MONITORING,100
2073,2026-07-06 17:51:56,26.5,1.65,84.0,298,True,False,MONITORING,100
2072,2026-07-06 17:51:54,22.93,3.5,84.0,152,True,False,MONITORING,100
2071,2026-07-06 17:51:52,26.56,2.86,84.1,100,True,False,MONITORING,100
2070,2026-07-06 17:51:50,15.53,4.35,84.1,250,True,False,MONITORING,100
2069,2026-07-06 17:51:48,22.1,2.6,84.2,362,True,False,MONITORING,100
2068,2026-07-06 17:51:46,0.0,3.46,84.2,278,True,False,MONITORING,90
2067,2026-07-06 17:51:44,19.07,3.83,84.3,436,True,False,REGENERATION_REQUIRED,80
2066,2026-07-06 17:51:42,17.85,3.0,84.3,417,True,False,REGENERATION_REQUIRED,80
2065,2026-07-06 17:51:40,29.05,4.16,84.4,423,True,False,REGENERATION_REQUIRED,80
2064,2026-07-06 17:51:38,15.31,3.99,84.4,328,True,False,MONITORING,100
2063,2026-07-06 17:51:36,29.0,4.28,84.5,346,True,False,MONITORING,100
2062,2026-07-06 17:51:34,17.5,3.16,84.5,242,True,False,MONITORING,100
2061,2026-07-06 17:51:32,20.64,2.89,84.6,218,True,False,MONITORING,100
2060,2026-07-06 17:51:30,27.11,3.75,84.6,375,True,False,MONITORING,100
2059,2026-07-06 17:51:28,15.69,3.92,84.7,247,True,False,MONITORING,100
2058,2026-07-06 17:51:26,25.4,1.62,84.7,168,True,False,MONITORING,100
2057,2026-07-06 17:51:24,15.45,3.02,84.8,417,True,False,REGENERATION_REQUIRED,80
2056,2026-07-06 17:51:22,21.97,3.28,84.8,260,True,False,MONITORING,100
2055,2026-07-06 17:51:20,19.37,3.69,84.9,235,True,False,MONITORING,100
2054,2026-07-06 17:51:18,28.52,3.76,84.9,187,True,False,MONITORING,100
2053,2026-07-06 17:51:16,17.17,4.32,85.0,321,True,False,MONITORING,100
2052,2026-07-06 17:51:14,25.37,1.7,85.0,285,True,False,MONITORING,100
2051,2026-07-06 17:51:12,22.3,3.31,85.1,171,True,False,MONITORING,100
2050,2026-07-06 17:51:10,16.47,1.51,85.1,154,True,False,MONITORING,100
2049,2026-07-06 17:51:08,24.56,3.33,85.2,148,True,False,MONITORING,100
2048,2026-07-06 17:51:06,25.81,4.17,85.2,109,True,False,MONITORING,100
2047,2026-07-06 17:51:04,0.0,3.76,85.3,340,True,False,MONITORING,90
2046,2026-07-06 17:51:02,28.2,1.57,85.3,321,True,False,MONITORING,100
2045,2026-07-06 17:51:00,23.85,2.01,85.4,329,True,False,MONITORING,100
2044,2026-07-06 17:50:58,29.75,3.48,85.4,151,True,False,MONITORING,100
2043,2026-07-06 17:50:56,17.6,2.33,85.5,236,True,False,MONITORING,100
2042,2026-07-06 17:50:54,26.66,2.76,85.5,109,True,False,MONITORING,100
2041,2026-07-06 17:50:52,20.86,1.58,85.6,239,True,False,MONITORING,100
2040,2026-07-06 17:50:50,18.51,3.1,85.6,380,True,False,MONITORING,100
2039,2026-07-06 17:50:48,17.56,1.77,85.7,112,True,False,MONITORING,100
2038,2026-07-06 17:50:46,24.1,2.16,85.7,227,True,False,MONITORING,100
2037,2026-07-06 17:50:44,16.69,3.93,85.8,389,True,False,MONITORING,100
2036,2026-07-06 17:50:42,19.87,2.2,85.8,285,True,False,MONITORING,100
2035,2026-07-06 17:50:40,25.9,1.62,85.9,131,True,False,MONITORING,100
2034,2026-07-06 17:50:38,24.95,2.5,85.9,157,True,False,MONITORING,100
2033,2026-07-06 17:50:36,28.44,2.8,86.0,236,True,False,MONITORING,100
2032,2026-07-06 17:50:34,24.64,4.31,86.0,135,True,False,MONITORING,100
2031,2026-07-06 17:50:32,19.37,4.21,86.1,184,True,False,MONITORING,100
2030,2026-07-06 17:50:30,27.49,1.82,86.1,265,True,False,MONITORING,100
2029,2026-07-06 17:50:28,23.78,3.64,86.2,175,True,False,MONITORING,100
2028,2026-07-06 17:50:26,23.43,3.12,86.2,155,True,False,MONITORING,100
2027,2026-07-06 17:50:24,19.31,4.35,86.3,434,True,False,REGENERATION_REQUIRED,80
2026,2026-07-06 17:50:22,15.72,3.82,86.3,445,True,False,REGENERATION_REQUIRED,80
2025,2026-07-06 17:50:20,26.2,2.79,86.4,413,True,False,REGENERATION_REQUIRED,80
2024,2026-07-06 17:50:18,23.32,3.01,86.4,377,True,False,MONITORING,100
2023,2026-07-06 17:50:16,17.44,3.18,86.5,439,True,False,REGENERATION_REQUIRED,80
2022,2026-07-06 17:50:14,28.64,3.09,86.5,289,True,False,MONITORING,100
2021,2026-07-06 17:50:12,0.0,2.41,86.6,386,True,False,MONITORING,90
2020,2026-07-06 17:50:10,25.17,4.43,86.6,118,True,False,MONITORING,100
2019,2026-07-06 17:50:08,16.39,1.73,86.7,226,True,False,MONITORING,100
2018,2026-07-06 17:50:06,19.65,3.6,86.7,378,True,False,MONITORING,100
2017,2026-07-06 17:50:04,16.01,1.88,86.8,428,True,False,REGENERATION_REQUIRED,80
2016,2026-07-06 17:50:02,17.75,2.65,86.8,127,True,False,MONITORING,100
2015,2026-07-06 17:50:00,23.96,1.72,86.9,134,True,False,MONITORING,100
2014,2026-07-06 17:49:58,23.3,4.07,86.9,257,True,False,MONITORING,100
2013,2026-07-06 17:49:56,28.72,1.68,87.0,120,True,False,MONITORING,100
2012,2026-07-06 17:49:54,27.36,3.62,87.0,359,True,False,MONITORING,100
2011,2026-07-06 17:49:52,16.62,4.46,87.1,211,True,False,MONITORING,100
2010,2026-07-06 17:49:50,18.27,4.4,87.1,377,True,False,MONITORING,100
2009,2026-07-06 17:49:48,23.22,2.06,87.2,192,True,False,MONITORING,100
2008,2026-07-06 17:49:46,18.54,2.85,87.2,372,True,False,MONITORING,100
2007,2026-07-06 17:49:44,28.14,3.43,87.3,154,True,False,MONITORING,100
2006,2026-07-06 17:49:42,28.6,3.29,87.3,225,True,False,MONITORING,100
2005,2026-07-06 17:49:40,23.91,1.77,87.4,225,True,False,MONITORING,100
2004,2026-07-06 17:49:38,21.59,4.38,87.4,425,True,False,REGENERATION_REQUIRED,80
2003,2026-07-06 17:49:36,21.51,1.99,87.5,171,True,False,MONITORING,100
2002,2026-07-06 17:49:34,0.0,2.5,87.5,349,True,False,MONITORING,90
2001,2026-07-06 17:49:32,25.38,2.41,87.6,315,True,False,MONITORING,100
2000,2026-07-06 17:49:30,25.32,4.37,87.6,198,True,False,MONITORING,100
1999,2026-07-06 17:49:28,28.59,4.03,87.7,194,True,False,MONITORING,100
1998,2026-07-06 17:49:26,20.12,4.17,87.7,389,True,False,MONITORING,100
1997,2026-07-06 17:49:24,29.24,3.3,87.8,109,True,False,MONITORING,100
1996,2026-07-06 17:49:22,25.06,4.24,87.8,348,True,False,MONITORING,100
1995,2026-07-06 17:49:20,28.29,2.43,87.9,242,True,False,MONITORING,100
1994,2026-07-06 17:49:18,27.75,3.64,87.9,394,True,False,MONITORING,100
1993,2026-07-06 17:49:16,28.64,3.95,88.0,116,True,False,MONITORING,100
1992,2026-07-06 17:49:14,28.9,2.74,88.0,225,True,False,MONITORING,100
1991,2026-07-06 17:49:12,0.0,2.76,88.1,358,True,False,MONITORING,90
1990,2026-07-06 17:49:10,24.17,3.78,88.1,268,True,False,MONITORING,100
1989,2026-07-06 17:49:08,15.93,2.43,88.2,313,True,False,MONITORING,100
1988,2026-07-06 17:49:06,27.12,3.59,88.2,320,True,False,MONITORING,100
1987,2026-07-06 17:49:04,0.0,3.05,88.3,401,True,False,REGENERATION_REQUIRED,70
1986,2026-07-06 17:49:02,0.0,2.3,88.3,274,True,False,MONITORING,90
1985,2026-07-06 17:49:00,25.15,1.63,88.4,340,True,False,MONITORING,100
1984,2026-07-06 17:48:58,22.74,4.29,88.4,179,True,False,MONITORING,100
1983,2026-07-06 17:48:56,15.12,3.08,88.5,112,True,False,MONITORING,100
1982,2026-07-06 17:48:54,20.0,1.51,88.5,389,True,False,MONITORING,100
1981,2026-07-06 17:48:52,20.09,2.32,88.6,305,True,False,MONITORING,100
1980,2026-07-06 17:48:50,15.78,2.86,88.6,273,True,False,MONITORING,100
1979,2026-07-06 17:48:48,25.63,2.25,88.7,306,True,False,MONITORING,100
1978,2026-07-06 17:48:46,21.44,1.98,88.7,216,True,False,MONITORING,100
1977,2026-07-06 17:48:44,17.53,2.52,88.8,366,True,False,MONITORING,100
1976,2026-07-06 17:48:42,25.86,1.77,88.8,387,True,False,MONITORING,100
1975,2026-07-06 17:48:40,26.64,2.6,88.9,260,True,False,MONITORING,100
1974,2026-07-06 17:48:38,19.49,1.64,88.9,295,True,False,MONITORING,100
1973,2026-07-06 17:48:36,29.79,1.65,89.0,277,True,False,MONITORING,100
1972,2026-07-06 17:48:34,22.99,3.19,89.0,166,True,False,MONITORING,100
1971,2026-07-06 17:48:32,21.58,3.45,89.1,353,True,False,MONITORING,100
1970,2026-07-06 17:48:30,26.98,2.43,89.1,188,True,False,MONITORING,100
1969,2026-07-06 17:48:28,19.8,3.89,89.2,373,True,False,MONITORING,100
1968,2026-07-06 17:48:26,17.94,1.9,89.2,241,True,False,MONITORING,100
1967,2026-07-06 17:48:24,23.21,3.41,89.3,298,True,False,MONITORING,100
1966,2026-07-06 17:48:22,22.01,4.37,89.3,109,True,False,MONITORING,100
1965,2026-07-06 17:48:20,17.6,3.13,89.4,276,True,False,MONITORING,100
1964,2026-07-06 17:48:18,28.99,2.26,89.4,289,True,False,MONITORING,100
1963,2026-07-06 17:48:16,28.42,3.64,89.5,419,True,False,REGENERATION_REQUIRED,80
1962,2026-07-06 17:48:14,20.78,3.89,89.5,273,True,False,MONITORING,100
1961,2026-07-06 17:48:12,27.04,4.27,89.6,192,True,False,MONITORING,100
1960,2026-07-06 17:48:10,19.38,3.59,89.6,191,True,False,MONITORING,100
1959,2026-07-06 17:48:08,18.29,4.25,89.7,229,True,False,MONITORING,100
1958,2026-07-06 17:48:06,20.09,2.08,89.7,354,True,False,MONITORING,100
1957,2026-07-06 17:48:04,23.11,1.79,89.8,389,True,False,MONITORING,100
1956,2026-07-06 17:48:02,24.42,2.81,89.8,431,True,False,REGENERATION_REQUIRED,80
1955,2026-07-06 17:48:00,18.24,4.31,89.9,172,True,False,MONITORING,100
1954,2026-07-06 17:47:58,17.67,2.14,89.9,206,True,False,MONITORING,100
1953,2026-07-06 17:47:56,20.99,3.49,90.0,305,True,False,MONITORING,100
1952,2026-07-06 17:47:54,26.41,2.1,90.0,132,True,False,MONITORING,100
1951,2026-07-06 17:47:52,24.29,1.86,90.1,359,True,False,MONITORING,100
1950,2026-07-06 17:47:50,22.31,3.27,90.1,301,True,False,MONITORING,100
1949,2026-07-06 17:47:48,25.15,2.51,90.2,403,True,False,REGENERATION_REQUIRED,80
1948,2026-07-06 17:47:46,27.9,1.85,90.2,248,True,False,MONITORING,100
1947,2026-07-06 17:47:44,17.13,3.26,90.3,319,True,False,MONITORING,100
1946,2026-07-06 17:47:42,26.04,4.06,90.3,285,True,False,MONITORING,100
1945,2026-07-06 17:47:40,21.74,2.82,90.4,373,True,False,MONITORING,100
1944,2026-07-06 17:47:38,29.48,3.68,90.4,336,True,False,MONITORING,100
1943,2026-07-06 17:47:36,16.14,2.95,90.5,291,True,False,MONITORING,100
1942,2026-07-06 17:47:34,15.44,3.46,90.5,132,True,False,MONITORING,100
1941,2026-07-06 17:47:32,27.12,2.45,90.6,247,True,False,MONITORING,100
1940,2026-07-06 17:47:30,18.81,1.52,90.6,183,True,False,MONITORING,100
1939,2026-07-06 17:47:28,16.67,3.76,90.7,190,True,False,MONITORING,100
1938,2026-07-06 17:47:26,0.0,3.72,90.7,406,True,False,REGENERATION_REQUIRED,70
1937,2026-07-06 17:47:24,23.63,2.85,90.8,303,True,False,MONITORING,100
1936,2026-07-06 17:47:22,26.37,3.3,90.8,155,True,False,MONITORING,100
1935,2026-07-06 17:47:20,23.79,1.73,90.9,435,True,False,REGENERATION_REQUIRED,80
1934,2026-07-06 17:47:18,22.72,4.21,90.9,355,True,False,MONITORING,100
1933,2026-07-06 17:47:16,19.16,2.64,91.0,262,True,False,MONITORING,100
1932,2026-07-06 17:47:14,20.09,2.07,91.0,121,True,False,MONITORING,100
1931,2026-07-06 17:47:12,26.94,1.96,91.1,356,True,False,MONITORING,100
1930,2026-07-06 17:47:10,26.47,2.76,91.1,346,True,False,MONITORING,100
1929,2026-07-06 17:47:08,19.98,2.37,91.2,229,True,False,MONITORING,100
1928,2026-07-06 17:47:06,15.67,3.34,91.2,307,True,False,MONITORING,100
1927,2026-07-06 17:47:04,18.0,3.22,91.3,262,True,False,MONITORING,100
1926,2026-07-06 17:47:02,23.03,3.07,91.3,153,True,False,MONITORING,100
1925,2026-07-06 17:47:00,16.83,4.13,91.4,259,True,False,MONITORING,100
1924,2026-07-06 17:46:58,26.37,3.18,91.4,400,True,False,MONITORING,100
1923,2026-07-06 17:46:56,16.53,1.62,91.5,323,True,False,MONITORING,100
1922,2026-07-06 17:46:54,18.06,2.69,91.5,208,True,False,MONITORING,100
1921,2026-07-06 17:46:52,23.42,3.85,91.6,437,True,False,REGENERATION_REQUIRED,80
1920,2026-07-06 17:46:50,20.38,1.74,91.6,355,True,False,MONITORING,100
1919,2026-07-06 17:46:48,24.13,3.56,91.7,348,True,False,MONITORING,100
1918,2026-07-06 17:46:46,27.67,1.94,91.7,440,True,False,REGENERATION_REQUIRED,80
1917,2026-07-06 17:46:44,22.24,3.48,91.8,234,True,False,MONITORING,100
1916,2026-07-06 17:46:42,24.26,3.37,91.8,347,True,False,MONITORING,100
1915,2026-07-06 17:46:40,21.69,2.1,91.9,164,True,False,MONITORING,100
1914,2026-07-06 17:46:38,24.84,3.71,91.9,414,True,False,REGENERATION_REQUIRED,80
1913,2026-07-06 17:46:36,21.94,4.23,92.0,296,True,False,MONITORING,100
1912,2026-07-06 17:46:34,18.81,2.38,92.0,334,True,False,MONITORING,100
1911,2026-07-06 17:46:32,0.0,3.75,92.1,142,True,False,MONITORING,90
1910,2026-07-06 17:46:30,20.02,2.57,92.1,417,True,False,REGENERATION_REQUIRED,80
1909,2026-07-06 17:46:28,23.0,2.73,92.2,201,True,False,MONITORING,100
1908,2026-07-06 17:46:26,27.46,3.6,92.2,338,True,False,MONITORING,100
1907,2026-07-06 17:46:24,19.93,2.81,92.3,240,True,False,MONITORING,100
1906,2026-07-06 17:46:22,21.98,2.87,92.3,261,True,False,MONITORING,100
1905,2026-07-06 17:46:20,29.79,2.89,92.4,155,True,False,MONITORING,100
1904,2026-07-06 17:46:18,26.85,3.76,92.4,248,True,False,MONITORING,100
1903,2026-07-06 17:46:16,0.0,3.5,92.5,139,True,False,MONITORING,90
1902,2026-07-06 17:46:14,29.13,1.61,92.5,308,True,False,MONITORING,100
1901,2026-07-06 17:46:12,24.98,1.92,92.6,253,True,False,MONITORING,100
1900,2026-07-06 17:46:10,20.63,3.73,92.6,391,True,False,MONITORING,100
1899,2026-07-06 17:46:08,25.12,1.76,92.7,341,True,False,MONITORING,100
1898,2026-07-06 17:46:06,17.49,4.18,92.7,352,True,False,MONITORING,100
1897,2026-07-06 17:46:04,20.43,2.46,92.8,447,True,False,REGENERATION_REQUIRED,80
1896,2026-07-06 17:46:02,20.33,1.57,92.8,166,True,False,MONITORING,100
1895,2026-07-06 17:46:00,29.18,4.04,92.9,260,True,False,MONITORING,100
1894,2026-07-06 17:45:58,18.95,4.23,92.9,248,True,False,MONITORING,100
1893,2026-07-06 17:45:56,21.72,4.46,93.0,357,True,False,MONITORING,100
1892,2026-07-06 17:45:54,25.84,4.03,93.0,355,True,False,MONITORING,100
1891,2026-07-06 17:45:52,16.76,4.1,93.1,400,True,False,MONITORING,100
1890,2026-07-06 17:45:50,16.99,3.4,93.1,379,True,False,MONITORING,100
1889,2026-07-06 17:45:48,23.99,1.69,93.2,174,True,False,MONITORING,100
1888,2026-07-06 17:45:46,20.48,4.41,93.2,102,True,False,MONITORING,100
1887,2026-07-06 17:45:44,29.54,2.42,93.3,176,True,False,MONITORING,100
